,P0,P1
0,-2.298828125,2.431640625
1,4.65625,-4.50390625
2,4.6484375,-4.48828125
3,4.65625,-4.5
4,4.57421875,-4.4765625
5,4.66796875,-4.5
6,4.66796875,-4.48828125
7,4.6484375,-4.484375
8,4.65234375,-4.5
9,4.66015625,-4.484375
10,4.65625,-4.4765625
11,4.6640625,-4.50390625
12,4.66796875,-4.48828125
13,4.6640625,-4.484375
14,4.6484375,-4.48046875
15,4.66015625,-4.5078125
16,2.18359375,-2.2890625
17,4.65625,-4.49609375
18,4.6484375,-4.5078125
19,4.66015625,-4.48046875
20,4.6640625,-4.484375
21,4.6640625,-4.484375
22,4.46484375,-4.39453125
23,4.64453125,-4.50390625
24,4.66796875,-4.4765625
25,4.65625,-4.4921875
26,4.65625,-4.4921875
27,4.6484375,-4.49609375
28,4.65625,-4.5078125
29,4.6640625,-4.4765625
30,4.66015625,-4.48828125
31,4.66015625,-4.484375
32,4.64453125,-4.5078125
33,4.65625,-4.48828125
34,4.64453125,-4.5078125
35,4.65625,-4.4921875
36,4.65625,-4.484375
37,4.6484375,-4.50390625
38,4.65234375,-4.5078125
39,4.65625,-4.484375
40,4.6484375,-4.5
41,4.66015625,-4.4921875
42,3.56640625,-3.6484375
43,-2.298828125,2.431640625
44,4.671875,-4.484375
45,4.65625,-4.484375
46,4.6640625,-4.5078125
47,4.66015625,-4.5
48,4.66015625,-4.5
49,4.66015625,-4.5
50,4.63671875,-4.5
51,4.66015625,-4.484375
52,4.65234375,-4.5078125
53,2.177734375,-2.28515625
54,4.6640625,-4.5078125
55,4.65625,-4.484375
56,4.65234375,-4.49609375
57,4.640625,-4.49609375
58,4.66015625,-4.49609375
59,4.6640625,-4.4921875
60,4.6484375,-4.5
61,4.671875,-4.47265625
62,4.65625,-4.49609375
63,4.65234375,-4.5
64,3.228515625,-3.330078125
65,4.66796875,-4.4921875
66,3.189453125,-3.296875
67,4.65234375,-4.49609375
68,4.65234375,-4.5078125
69,-2.298828125,2.4296875
70,4.64453125,-4.5078125
71,4.66015625,-4.5
72,4.65234375,-4.5078125
73,4.65625,-4.5078125
74,4.66015625,-4.5
75,4.59375,-4.5
76,4.65625,-4.484375
77,4.671875,-4.484375
78,4.6640625,-4.50390625
79,4.6484375,-4.49609375
80,4.6640625,-4.49609375
81,4.66796875,-4.49609375
82,4.65625,-4.50390625
83,4.6640625,-4.5
84,4.66015625,-4.49609375
85,4.66015625,-4.48828125
86,4.60546875,-4.5
87,4.66796875,-4.48046875
88,4.66015625,-4.4765625
89,4.6484375,-4.515625
90,4.6484375,-4.51953125
91,4.6640625,-4.4921875
92,4.63671875,-4.5078125
93,4.375,-4.30859375
94,4.6640625,-4.4921875
95,4.65234375,-4.50390625
96,4.65625,-4.49609375
97,4.65234375,-4.515625
98,4.64453125,-4.5
99,4.60546875,-4.4921875
100,4.6484375,-4.51171875
101,4.6640625,-4.4921875
102,4.65625,-4.48046875
103,-2.291015625,2.416015625
104,-2.294921875,2.41796875
105,4.62890625,-4.49609375
106,4.6484375,-4.49609375
107,4.671875,-4.484375
108,4.65625,-4.515625
109,4.65625,-4.49609375
110,4.640625,-4.5078125
111,4.65625,-4.5078125
112,4.6640625,-4.484375
113,4.66015625,-4.5
114,2.9921875,-3.126953125
115,4.66015625,-4.5
116,4.65625,-4.484375
117,4.6640625,-4.50390625
118,4.6328125,-4.49609375
119,4.66015625,-4.50390625
120,4.65234375,-4.5
121,4.66796875,-4.5
122,4.65625,-4.5
123,4.5625,-4.4453125
124,4.6640625,-4.50390625
125,4.66796875,-4.49609375
126,4.65234375,-4.50390625
127,2.833984375,-2.912109375
128,4.65625,-4.4921875
129,4.66015625,-4.5078125
130,4.23046875,-4.23828125
131,4.609375,-4.4921875
132,0.5576171875,-0.58935546875
133,4.6640625,-4.49609375
134,4.63671875,-4.5
135,3.130859375,-3.22265625
136,4.6640625,-4.51171875
137,-2.296875,2.423828125
138,3.3515625,-3.4375
139,4.62890625,-4.5078125
140,4.5859375,-4.484375
141,4.48828125,-4.41015625
142,4.65625,-4.484375
143,4.65234375,-4.50390625
144,4.6640625,-4.4921875
145,4.65625,-4.51171875
146,4.66015625,-4.51171875
147,4.65625,-4.484375
148,4.6484375,-4.4765625
149,4.65625,-4.48828125
150,4.640625,-4.51171875
151,-2.298828125,2.431640625
152,4.65625,-4.49609375
153,4.47265625,-4.390625
154,4.65625,-4.515625
155,4.66015625,-4.48828125
156,3.16796875,-3.248046875
157,4.6640625,-4.4921875
158,4.65625,-4.5
159,4.65234375,-4.49609375
160,4.66015625,-4.49609375
161,4.6640625,-4.484375
162,4.6640625,-4.5078125
163,4.66015625,-4.51171875
164,4.6171875,-4.5078125
165,4.671875,-4.4921875
166,4.66015625,-4.50390625
167,4.66015625,-4.50390625
168,4.66015625,-4.4921875
169,2.796875,-2.908203125
170,-2.298828125,2.431640625
171,4.640625,-4.50390625
172,4.12109375,-4.078125
173,4.66015625,-4.48828125
174,4.66015625,-4.5078125
175,-2.296875,2.427734375
176,4.6484375,-4.48046875
177,4.66015625,-4.50390625
178,4.6640625,-4.50390625
179,4.62109375,-4.51171875
180,4.65234375,-4.515625
181,4.65625,-4.5078125
182,4.65234375,-4.48828125
183,4.60546875,-4.49609375
184,4.65625,-4.484375
185,-2.298828125,2.4296875
186,4.62109375,-4.4921875
187,4.65625,-4.4921875
188,-2.296875,2.423828125
189,4.66015625,-4.484375
190,4.671875,-4.484375
191,4.65234375,-4.48828125
192,4.6640625,-4.48828125
193,-2.296875,2.42578125
194,4.64453125,-4.5078125
195,4.6640625,-4.484375
196,4.66015625,-4.48828125
197,4.66015625,-4.4921875
198,4.66015625,-4.50390625
199,4.66015625,-4.50390625
200,4.59765625,-4.5
201,4.66796875,-4.4921875
202,4.55859375,-4.47265625
203,4.6640625,-4.4921875
204,-2.296875,2.4296875
205,4.1640625,-4.16015625
206,4.65234375,-4.5078125
207,4.65625,-4.5
208,4.6484375,-4.49609375
209,4.63671875,-4.51171875
210,-2.298828125,2.431640625
211,4.66796875,-4.49609375
212,4.6640625,-4.5078125
213,4.6484375,-4.5
214,4.6640625,-4.5078125
215,-1.3310546875,1.29296875
216,4.6640625,-4.49609375
217,4.6484375,-4.515625
218,4.65625,-4.48046875
219,4.65625,-4.5
220,3.33984375,-3.404296875
221,4.5390625,-4.453125
222,4.65234375,-4.48828125
223,4.65625,-4.50390625
224,4.65234375,-4.49609375
225,4.6640625,-4.4921875
226,4.6640625,-4.4765625
227,4.65625,-4.49609375
228,-2.296875,2.4296875
229,-2.298828125,2.431640625
230,4.65625,-4.4921875
231,4.66796875,-4.47265625
232,4.6640625,-4.48828125
233,4.6640625,-4.4765625
234,-2.296875,2.427734375
235,4.6640625,-4.49609375
236,4.6484375,-4.5
237,4.66015625,-4.49609375
238,4.66015625,-4.5
239,4.66015625,-4.5
240,4.64453125,-4.5078125
241,4.5390625,-4.45703125
242,4.65625,-4.49609375
243,4.66796875,-4.4765625
244,4.66015625,-4.49609375
245,4.65234375,-4.5
246,4.65625,-4.5
247,4.65625,-4.5
248,4.671875,-4.48046875
249,4.63671875,-4.51171875
250,4.66015625,-4.5
251,4.65625,-4.5078125
252,4.63671875,-4.50390625
253,4.625,-4.484375
254,4.64453125,-4.5078125
255,4.6328125,-4.5078125
256,4.66015625,-4.50390625
257,4.64453125,-4.51171875
258,4.5,-4.42578125
259,4.64453125,-4.51171875
260,-2.296875,2.427734375
261,4.6640625,-4.49609375
262,4.65625,-4.4921875
263,4.65234375,-4.5
264,4.65234375,-4.515625
265,4.6640625,-4.49609375
266,4.65234375,-4.50390625
267,4.6640625,-4.48828125
268,4.65625,-4.48828125
269,4.6640625,-4.5
270,2.171875,-2.279296875
271,4.66015625,-4.49609375
272,4.65625,-4.49609375
273,4.64453125,-4.515625
274,-2.298828125,2.4296875
275,4.62890625,-4.50390625
276,4.6484375,-4.515625
277,4.6484375,-4.4765625
278,4.6640625,-4.4921875
279,4.64453125,-4.51171875
280,4.65625,-4.50390625
281,4.671875,-4.4765625
282,4.66796875,-4.4921875
283,4.63671875,-4.5078125
284,4.6484375,-4.49609375
285,4.625,-4.50390625
286,4.63671875,-4.50390625
287,4.6640625,-4.484375
288,4.66796875,-4.48046875
289,4.6640625,-4.4921875
290,-2.296875,2.427734375
291,4.6484375,-4.50390625
292,4.6484375,-4.5078125
293,4.640625,-4.50390625
294,4.63671875,-4.51171875
295,4.65625,-4.49609375
296,4.66796875,-4.4765625
297,4.6640625,-4.5
298,4.65234375,-4.5078125
299,4.04296875,-4.03125
300,4.66015625,-4.5078125
301,4.66015625,-4.5078125
302,4.66015625,-4.48828125
303,4.65625,-4.48828125
304,4.6640625,-4.49609375
305,4.66015625,-4.50390625
306,-2.296875,2.427734375
307,4.65234375,-4.50390625
308,4.65234375,-4.5078125
309,4.625,-4.50390625
310,4.65625,-4.4921875
311,4.6640625,-4.48828125
312,4.66796875,-4.49609375
313,4.65234375,-4.484375
314,4.6328125,-4.50390625
315,4.6484375,-4.51171875
316,4.6640625,-4.4765625
317,-2.296875,2.4296875
318,4.65625,-4.48828125
319,4.65625,-4.49609375
320,4.63671875,-4.5078125
321,4.6640625,-4.50390625
322,4.65625,-4.4765625
323,4.65234375,-4.4921875
324,4.66015625,-4.51171875
325,4.65625,-4.51171875
326,4.6328125,-4.515625
327,4.6484375,-4.50390625
328,4.6484375,-4.48828125
329,4.66015625,-4.5
330,4.65234375,-4.5078125
331,4.6640625,-4.48828125
332,4.6484375,-4.49609375
333,-2.296875,2.427734375
334,4.66015625,-4.50390625
335,4.66015625,-4.4921875
336,4.65625,-4.4921875
337,4.6484375,-4.48828125
338,4.6484375,-4.50390625
339,4.59375,-4.48828125
340,4.3203125,-4.2421875
341,4.609375,-4.5078125
342,4.6640625,-4.50390625
343,4.65234375,-4.51171875
344,4.625,-4.515625
345,-2.298828125,2.4296875
346,4.65234375,-4.50390625
347,4.62109375,-4.5
348,4.64453125,-4.50390625
349,4.65625,-4.50390625
350,4.6484375,-4.49609375
351,-2.298828125,2.431640625
352,4.65625,-4.48828125
353,4.671875,-4.48046875
354,4.6484375,-4.5078125
355,-2.298828125,2.431640625
356,4.64453125,-4.51171875
357,-2.298828125,2.431640625
358,4.66015625,-4.49609375
359,4.66796875,-4.4921875
360,2.66015625,-2.7578125
361,4.63671875,-4.5078125
362,4.6484375,-4.515625
363,4.64453125,-4.50390625
364,4.6484375,-4.49609375
365,4.6640625,-4.5078125
366,4.66015625,-4.49609375
367,4.6640625,-4.50390625
368,4.6640625,-4.5
369,4.64453125,-4.484375
370,-2.291015625,2.41796875
371,4.66015625,-4.5078125
372,4.65234375,-4.5
373,4.66796875,-4.4921875
374,4.64453125,-4.4765625
375,4.62890625,-4.5078125
376,4.6484375,-4.48828125
377,4.6640625,-4.49609375
378,4.66015625,-4.50390625
379,4.65625,-4.5
380,4.65625,-4.48828125
381,2.595703125,-2.7109375
382,4.66015625,-4.5
383,4.66015625,-4.4921875
384,4.66796875,-4.484375
385,4.6640625,-4.48828125
386,4.671875,-4.48828125
387,4.640625,-4.50390625
388,4.65625,-4.49609375
389,4.6640625,-4.4921875
390,4.65625,-4.49609375
391,4.65625,-4.47265625
392,4.65234375,-4.50390625
393,4.6484375,-4.50390625
394,4.66015625,-4.48046875
395,4.65234375,-4.484375
396,4.65625,-4.48828125
397,4.62890625,-4.515625
398,4.640625,-4.5078125
399,4.671875,-4.4765625
400,3.7109375,-3.728515625
401,2.130859375,-2.236328125
402,4.6484375,-4.48828125
403,4.66796875,-4.4765625
404,4.66796875,-4.5
405,-2.0625,2.076171875
406,4.65625,-4.51171875
407,-0.85107421875,0.6650390625
408,4.66015625,-4.51171875
409,4.6484375,-4.51171875
410,4.640625,-4.5
411,4.6640625,-4.484375
412,4.61328125,-4.50390625
413,4.6640625,-4.49609375
414,4.65625,-4.50390625
415,-2.296875,2.4296875
416,4.65234375,-4.484375
417,4.5625,-4.47265625
418,4.66796875,-4.48046875
419,4.671875,-4.50390625
420,4.234375,-4.22265625
421,4.66796875,-4.49609375
422,4.6484375,-4.50390625
423,4.6640625,-4.50390625
424,4.6484375,-4.50390625
425,4.66796875,-4.4921875
426,4.6484375,-4.4921875
427,4.625,-4.4765625
428,3.208984375,-3.283203125
429,4.54296875,-4.4609375
430,4.6328125,-4.50390625
431,-2.294921875,2.421875
432,4.66015625,-4.4765625
433,4.6640625,-4.48828125
434,4.5,-4.4296875
435,4.66796875,-4.49609375
436,-2.296875,2.427734375
437,4.65625,-4.5078125
438,4.63671875,-4.484375
439,4.6015625,-4.4765625
440,4.6171875,-4.5
441,-2.298828125,2.431640625
442,4.65625,-4.4921875
443,4.6640625,-4.4765625
444,4.6640625,-4.49609375
445,4.59765625,-4.5
446,-2.298828125,2.431640625
447,4.66015625,-4.5
448,4.65625,-4.50390625
449,4.65625,-4.51171875
450,4.65234375,-4.5078125
451,3.98828125,-4.03125
452,4.6484375,-4.484375
453,4.6484375,-4.51171875
454,4.6640625,-4.4765625
455,4.66796875,-4.5
456,4.6328125,-4.51171875
457,-2.296875,2.42578125
458,4.6328125,-4.5
459,4.6015625,-4.4921875
460,4.609375,-4.49609375
461,-2.291015625,2.41796875
462,4.65625,-4.484375
463,4.578125,-4.48046875
464,4.6484375,-4.48046875
465,4.625,-4.50390625
466,4.6640625,-4.4921875
467,4.65625,-4.48046875
468,4.66015625,-4.484375
469,-2.287109375,2.40625
470,4.64453125,-4.50390625
471,4.65625,-4.484375
472,4.640625,-4.5
473,4.65625,-4.50390625
474,4.65625,-4.49609375
475,4.6640625,-4.50390625
476,4.64453125,-4.4921875
477,4.640625,-4.51171875
478,-2.296875,2.4296875
479,4.66796875,-4.49609375
480,4.66015625,-4.5
481,4.6640625,-4.4921875
482,4.65625,-4.49609375
483,4.64453125,-4.515625
484,4.66015625,-4.484375
485,4.66015625,-4.5078125
486,4.6640625,-4.50390625
487,4.66015625,-4.484375
488,3.62890625,-3.70703125
489,4.6640625,-4.49609375
490,4.64453125,-4.5078125
491,-2.298828125,2.431640625
492,4.66015625,-4.484375
493,4.65234375,-4.4921875
494,4.65234375,-4.50390625
495,4.64453125,-4.49609375
496,4.66015625,-4.49609375
497,4.65625,-4.49609375
498,4.65625,-4.50390625
499,4.64453125,-4.484375
500,4.65625,-4.5
501,4.65234375,-4.5078125
502,-2.296875,2.42578125
503,4.6640625,-4.4765625
504,4.65625,-4.4921875
505,4.65625,-4.4921875
506,3.2421875,-3.3359375
507,4.65625,-4.4921875
508,4.65234375,-4.5078125
509,4.66796875,-4.48828125
510,4.6015625,-4.45703125
511,4.63671875,-4.5078125
512,4.65625,-4.48046875
513,4.0234375,-4.04296875
514,4.640625,-4.4921875
515,4.65625,-4.50390625
516,-2.2734375,2.3828125
517,4.65234375,-4.49609375
518,4.62890625,-4.5078125
519,4.64453125,-4.50390625
520,4.66015625,-4.50390625
521,4.37890625,-4.3046875
522,4.61328125,-4.4921875
523,4.65625,-4.48828125
524,4.66015625,-4.49609375
525,4.64453125,-4.4921875
526,-2.298828125,2.431640625
527,4.60546875,-4.50390625
528,4.66796875,-4.4765625
529,4.66015625,-4.5078125
530,4.66015625,-4.5
531,4.6015625,-4.47265625
532,-2.298828125,2.431640625
533,4.6640625,-4.5
534,-2.298828125,2.431640625
535,4.65234375,-4.49609375
536,4.66015625,-4.49609375
537,4.6640625,-4.4921875
538,4.65234375,-4.5078125
539,4.6640625,-4.49609375
540,4.65234375,-4.48828125
541,4.671875,-4.48046875
542,4.671875,-4.5
543,2.185546875,-2.296875
544,2.1640625,-2.26953125
545,4.65234375,-4.50390625
546,-2.296875,2.427734375
547,4.65625,-4.49609375
548,4.6640625,-4.4765625
549,4.6484375,-4.484375
550,4.65625,-4.48828125
551,4.66015625,-4.4765625
552,4.6640625,-4.48828125
553,4.66015625,-4.48828125
554,4.66015625,-4.48046875
555,4.65234375,-4.48046875
556,4.6328125,-4.5
557,4.66796875,-4.4921875
558,-2.298828125,2.431640625
559,-2.298828125,2.431640625
560,4.6640625,-4.484375
561,4.6328125,-4.51171875
562,4.60546875,-4.48828125
563,4.66015625,-4.4921875
564,4.66796875,-4.48046875
565,4.640625,-4.5
566,4.66796875,-4.48828125
567,4.6640625,-4.4765625
568,4.66796875,-4.49609375
569,4.6640625,-4.4921875
570,4.6484375,-4.4921875
571,4.64453125,-4.4921875
572,4.6640625,-4.49609375
573,4.671875,-4.4921875
574,4.64453125,-4.48046875
575,4.66796875,-4.5
576,4.66015625,-4.50390625
577,3.525390625,-3.556640625
578,4.66015625,-4.5078125
579,4.6640625,-4.4921875
580,4.6640625,-4.4921875
581,4.6640625,-4.48828125
582,4.65234375,-4.4921875
583,4.65625,-4.49609375
584,4.6328125,-4.50390625
585,4.62890625,-4.5
586,4.640625,-4.5078125
587,4.6484375,-4.515625
588,4.64453125,-4.50390625
589,4.671875,-4.4921875
590,4.62109375,-4.50390625
591,4.65625,-4.5
592,4.6640625,-4.5
593,-2.298828125,2.43359375
594,4.66015625,-4.5
595,4.66015625,-4.484375
596,4.65625,-4.49609375
597,2.126953125,-2.23046875
598,4.65625,-4.50390625
599,4.6640625,-4.50390625
600,4.6484375,-4.5078125
601,4.65625,-4.48046875
602,4.171875,-4.1484375
603,4.66015625,-4.5
604,4.65625,-4.5
605,4.65234375,-4.48828125
606,4.66015625,-4.5078125
607,4.609375,-4.47265625
608,4.64453125,-4.48046875
609,4.65234375,-4.5078125
610,-2.296875,2.4296875
611,4.671875,-4.484375
612,4.6484375,-4.50390625
613,-2.296875,2.4296875
614,4.640625,-4.50390625
615,4.66015625,-4.5078125
616,4.66015625,-4.5078125
617,4.65234375,-4.4921875
618,4.65234375,-4.4921875
619,4.66015625,-4.49609375
620,4.6640625,-4.48046875
621,4.6640625,-4.49609375
622,4.65625,-4.4921875
623,4.65625,-4.5078125
624,4.66796875,-4.50390625
625,2.26953125,-2.341796875
626,4.6484375,-4.515625
627,4.62890625,-4.4921875
628,4.65625,-4.4921875
629,-2.28515625,2.40234375
630,4.65234375,-4.48828125
631,4.65625,-4.50390625
632,4.66796875,-4.48828125
633,4.640625,-4.5
634,4.6484375,-4.5
635,4.66015625,-4.484375
636,4.66796875,-4.51171875
637,4.671875,-4.4765625
638,4.65625,-4.484375
639,4.6640625,-4.5
640,4.66015625,-4.4921875
641,4.66015625,-4.484375
642,4.48828125,-4.41796875
643,4.6640625,-4.4921875
644,4.6640625,-4.5078125
645,4.6640625,-4.49609375
646,4.6484375,-4.515625
647,4.6484375,-4.49609375
648,4.65625,-4.50390625
649,4.64453125,-4.515625
650,4.671875,-4.48828125
651,4.66015625,-4.48046875
652,4.53125,-4.4375
653,4.65234375,-4.515625
654,4.65625,-4.5078125
655,4.6484375,-4.5078125
656,-2.296875,2.427734375
657,4.6484375,-4.48828125
658,4.65625,-4.484375
659,4.64453125,-4.5078125
660,4.6484375,-4.515625
661,4.64453125,-4.5078125
662,4.66015625,-4.51171875
663,-2.296875,2.427734375
664,4.66015625,-4.5
665,4.66015625,-4.49609375
666,4.65625,-4.484375
667,4.65625,-4.5078125
668,-2.296875,2.4296875
669,4.66015625,-4.484375
670,-2.296875,2.427734375
671,4.65234375,-4.515625
672,-2.296875,2.4296875
673,4.6640625,-4.48046875
674,4.66796875,-4.49609375
675,4.66015625,-4.50390625
676,4.6484375,-4.50390625
677,4.65625,-4.5
678,4.625,-4.5
679,4.6640625,-4.4765625
680,4.62109375,-4.4921875
681,4.640625,-4.5078125
682,4.65625,-4.4921875
683,4.65625,-4.48828125
684,-2.298828125,2.431640625
685,4.6484375,-4.51171875
686,4.65625,-4.47265625
687,4.640625,-4.5
688,4.671875,-4.49609375
689,4.63671875,-4.5078125
690,4.66796875,-4.48828125
691,4.6484375,-4.5
692,4.65625,-4.5
693,4.65625,-4.48046875
694,4.625,-4.51171875
695,4.65625,-4.5078125
696,4.66796875,-4.48046875
697,4.6640625,-4.4921875
698,4.66015625,-4.484375
699,4.6328125,-4.4921875
700,4.6640625,-4.50390625
701,4.6640625,-4.4921875
702,4.65234375,-4.50390625
703,4.65234375,-4.51953125
704,-2.298828125,2.431640625
705,-2.296875,2.427734375
706,4.6640625,-4.49609375
707,3.904296875,-3.953125
708,4.65234375,-4.50390625
709,4.6640625,-4.49609375
710,4.640625,-4.5078125
711,4.6484375,-4.50390625
712,4.65625,-4.48828125
713,-2.298828125,2.431640625
714,4.6640625,-4.48046875
715,4.6640625,-4.5078125
716,4.6640625,-4.50390625
717,4.65625,-4.4921875
718,4.65234375,-4.51171875
719,4.65625,-4.5
720,4.3203125,-4.3046875
721,4.6640625,-4.5078125
722,4.65234375,-4.4921875
723,4.66796875,-4.49609375
724,4.65234375,-4.50390625
725,4.640625,-4.48828125
726,4.65234375,-4.5
727,4.66015625,-4.5
728,4.65625,-4.4921875
729,4.65625,-4.50390625
730,4.6484375,-4.48828125
731,4.65625,-4.5
732,4.66015625,-4.50390625
733,4.65234375,-4.5
734,4.66015625,-4.48828125
735,4.65234375,-4.49609375
736,4.6640625,-4.4921875
737,4.6640625,-4.49609375
738,4.65234375,-4.48046875
739,4.5234375,-4.44140625
740,4.66015625,-4.5078125
741,4.546875,-4.43359375
742,4.671875,-4.48828125
743,4.65625,-4.5078125
744,4.63671875,-4.48828125
745,4.66015625,-4.48828125
746,4.625,-4.5
747,4.6640625,-4.48828125
748,4.62109375,-4.50390625
749,4.65234375,-4.48828125
750,4.6484375,-4.51171875
751,4.6640625,-4.49609375
752,4.66796875,-4.5
753,4.625,-4.5
754,4.66015625,-4.5078125
755,-2.298828125,2.431640625
756,-2.298828125,2.431640625
757,-2.01171875,2.01953125
758,4.6484375,-4.5078125
759,4.65625,-4.5
760,4.62890625,-4.49609375
761,4.65625,-4.51171875
762,3.44140625,-3.517578125
763,4.6328125,-4.5
764,4.65234375,-4.515625
765,4.66015625,-4.50390625
766,4.625,-4.51171875
767,4.65625,-4.48828125
768,4.6640625,-4.484375
769,-2.294921875,2.421875
770,4.66015625,-4.4921875
771,4.66015625,-4.50390625
772,4.640625,-4.5
773,4.65234375,-4.4765625
774,4.66015625,-4.49609375
775,4.6640625,-4.5
776,4.65234375,-4.4921875
777,4.64453125,-4.5
778,4.6171875,-4.484375
779,4.66796875,-4.4921875
780,4.671875,-4.48046875
781,4.65234375,-4.48828125
782,4.6640625,-4.484375
783,2.6484375,-2.7421875
784,4.65234375,-4.5078125
785,-2.298828125,2.431640625
786,4.66796875,-4.4921875
787,4.66015625,-4.5
788,4.66796875,-4.5
789,4.6640625,-4.49609375
790,4.65234375,-4.49609375
791,4.66796875,-4.5
792,4.6640625,-4.50390625
793,4.65625,-4.48828125
794,4.65625,-4.5
795,4.66015625,-4.4921875
796,4.66015625,-4.5
797,4.66015625,-4.50390625
798,4.66015625,-4.48828125
799,-2.296875,2.421875
800,4.6640625,-4.484375
801,4.6640625,-4.49609375
802,4.65625,-4.5078125
803,4.64453125,-4.5078125
804,4.6640625,-4.49609375
805,4.66015625,-4.5
806,4.62890625,-4.4921875
807,4.625,-4.5
808,4.65625,-4.4921875
809,4.6640625,-4.5
810,4.66796875,-4.48046875
811,-2.298828125,2.431640625
812,4.65625,-4.4921875
813,4.66796875,-4.4921875
814,4.65625,-4.48828125
815,4.66015625,-4.5
816,4.65625,-4.4921875
817,4.671875,-4.48828125
818,4.65625,-4.484375
819,2.1328125,-2.234375
820,4.66015625,-4.48828125
821,4.5390625,-4.4609375
822,-2.296875,2.423828125
823,4.65625,-4.51171875
824,4.50390625,-4.4140625
825,4.6640625,-4.4765625
826,4.671875,-4.48828125
827,4.65625,-4.5
828,4.6640625,-4.5
829,4.62890625,-4.50390625
830,4.65625,-4.5
831,4.66015625,-4.484375
832,4.6640625,-4.50390625
833,4.65234375,-4.484375
834,4.66015625,-4.50390625
835,-2.296875,2.4296875
836,4.66015625,-4.5
837,4.6484375,-4.515625
838,4.58984375,-4.484375
839,4.65234375,-4.5
840,4.6328125,-4.5
841,4.65625,-4.49609375
842,4.65625,-4.4921875
843,4.64453125,-4.48828125
844,4.66796875,-4.50390625
845,4.61328125,-4.515625
846,4.6640625,-4.4921875
847,4.65234375,-4.5
848,4.65234375,-4.515625
849,4.6640625,-4.5
850,4.66015625,-4.50390625
851,-2.296875,2.42578125
852,4.66015625,-4.5
853,-2.296875,2.4296875
854,-2.298828125,2.4296875
855,4.6484375,-4.5078125
856,4.65234375,-4.51171875
857,4.65234375,-4.49609375
858,4.65234375,-4.515625
859,4.6484375,-4.50390625
860,4.65625,-4.49609375
861,4.65234375,-4.49609375
862,4.48828125,-4.41015625
863,4.66015625,-4.484375
864,4.65234375,-4.50390625
865,4.640625,-4.5
866,4.65234375,-4.5078125
867,4.65625,-4.5
868,4.66796875,-4.4765625
869,4.66015625,-4.50390625
870,-1.28515625,1.2373046875
871,4.6640625,-4.5078125
872,4.63671875,-4.50390625
873,4.65625,-4.51171875
874,-2.298828125,2.431640625
875,4.65234375,-4.5078125
876,4.6640625,-4.48828125
877,-2.296875,2.4296875
878,4.65625,-4.5078125
879,4.66015625,-4.49609375
880,4.640625,-4.51171875
881,4.65625,-4.5078125
882,4.65625,-4.4921875
883,4.66796875,-4.48046875
884,4.6640625,-4.5
885,4.64453125,-4.51171875
886,4.66015625,-4.49609375
887,4.64453125,-4.5
888,4.65625,-4.5
889,4.64453125,-4.48828125
890,4.65625,-4.48046875
891,4.6484375,-4.515625
892,-2.296875,2.423828125
893,4.6328125,-4.5078125
894,4.6640625,-4.4921875
895,-2.296875,2.427734375
896,4.65625,-4.48046875
897,4.65234375,-4.4765625
898,4.65234375,-4.5078125
899,2.455078125,-2.5703125
900,4.66015625,-4.4921875
901,-2.287109375,2.408203125
902,4.6640625,-4.49609375
903,4.66796875,-4.4765625
904,4.65625,-4.49609375
905,4.65625,-4.49609375
906,4.671875,-4.46875
907,4.625,-4.5
908,4.65234375,-4.50390625
909,4.6640625,-4.49609375
910,4.64453125,-4.48828125
911,4.6484375,-4.4921875
912,4.66015625,-4.5078125
913,4.65625,-4.51171875
914,4.66015625,-4.50390625
915,-2.296875,2.4296875
916,4.640625,-4.51171875
917,4.6640625,-4.49609375
918,-2.267578125,2.37890625
919,4.66015625,-4.5
920,4.63671875,-4.5
921,4.65234375,-4.50390625
922,4.66015625,-4.5
923,4.66015625,-4.49609375
924,4.63671875,-4.50390625
925,4.6640625,-4.4921875
926,4.66796875,-4.4921875
927,-2.296875,2.4296875
928,4.6640625,-4.484375
929,4.66015625,-4.51171875
930,4.65234375,-4.48046875
931,4.6484375,-4.51171875
932,-2.298828125,2.431640625
933,4.66796875,-4.4921875
934,-2.29296875,2.421875
935,4.65625,-4.51171875
936,4.64453125,-4.4921875
937,4.66015625,-4.484375
938,-2.298828125,2.431640625
939,4.66015625,-4.49609375
940,4.64453125,-4.5078125
941,4.65625,-4.5078125
942,-2.298828125,2.431640625
943,4.64453125,-4.50390625
944,4.66015625,-4.4921875
945,4.6640625,-4.5
946,4.65625,-4.50390625
947,4.6484375,-4.484375
948,4.66796875,-4.5
949,-2.298828125,2.431640625
950,4.65234375,-4.50390625
951,4.66796875,-4.484375
952,4.421875,-4.37109375
953,4.1015625,-4.125
954,4.65625,-4.4921875
955,4.65234375,-4.4921875
956,4.6484375,-4.48828125
957,-2.298828125,2.4296875
958,4.65625,-4.484375
959,4.6484375,-4.5078125
960,4.63671875,-4.5078125
961,4.66796875,-4.5078125
962,3.25390625,-3.330078125
963,4.62109375,-4.5
964,4.42578125,-4.35546875
965,4.671875,-4.49609375
966,4.6015625,-4.49609375
967,-2.298828125,2.4296875
968,4.671875,-4.484375
969,4.6640625,-4.4921875
970,4.66015625,-4.50390625
971,4.66796875,-4.4921875
972,4.66015625,-4.4765625
973,4.6328125,-4.50390625
974,-2.298828125,2.431640625
975,4.6484375,-4.5
976,4.65234375,-4.4921875
977,4.63671875,-4.5
978,4.65625,-4.50390625
979,4.671875,-4.484375
980,4.66796875,-4.5
981,4.6484375,-4.5
982,4.66796875,-4.484375
983,4.66015625,-4.4921875
984,4.6640625,-4.4765625
985,4.65625,-4.51171875
986,4.65625,-4.50390625
987,4.6640625,-4.5
988,4.64453125,-4.5
989,4.65234375,-4.5078125
990,4.66015625,-4.5
991,4.6640625,-4.49609375
992,4.66796875,-4.4921875
993,4.65625,-4.4921875
994,4.65234375,-4.4921875
995,4.66015625,-4.5078125
996,4.65625,-4.5078125
997,4.64453125,-4.51171875
998,-2.296875,2.427734375
999,4.66015625,-4.50390625
1000,4.625,-4.515625
1001,4.58203125,-4.4921875
1002,4.5625,-4.42578125
1003,4.625,-4.50390625
1004,4.65625,-4.5078125
1005,4.66796875,-4.484375
1006,4.625,-4.49609375
1007,4.6484375,-4.5
1008,4.65234375,-4.48828125
1009,4.65625,-4.48046875
1010,4.671875,-4.4921875
1011,4.65625,-4.4921875
1012,4.640625,-4.5078125
1013,4.66015625,-4.48046875
1014,3.37890625,-3.482421875
1015,4.6640625,-4.4921875
1016,4.6640625,-4.5
1017,4.671875,-4.484375
1018,2.9765625,-3.0625
1019,3.29296875,-3.279296875
1020,4.66015625,-4.50390625
1021,4.66015625,-4.50390625
1022,-1.3154296875,1.2744140625
1023,4.6640625,-4.5
1024,4.65625,-4.4921875
1025,4.6640625,-4.4921875
1026,4.65625,-4.484375
1027,2.40234375,-2.54296875
1028,4.64453125,-4.51171875
1029,4.6484375,-4.5078125
1030,4.65234375,-4.5
1031,4.6640625,-4.49609375
1032,4.66015625,-4.48828125
1033,4.66015625,-4.4765625
1034,4.65625,-4.48046875
1035,4.65234375,-4.4921875
1036,4.65625,-4.50390625
1037,4.66796875,-4.4921875
1038,-2.296875,2.4296875
1039,4.55859375,-4.46875
1040,4.65625,-4.50390625
1041,4.65625,-4.50390625
1042,4.6484375,-4.51171875
1043,4.66015625,-4.5078125
1044,4.66015625,-4.4921875
1045,4.65625,-4.5
1046,4.65625,-4.49609375
1047,4.65234375,-4.515625
1048,4.6484375,-4.51171875
1049,4.64453125,-4.50390625
1050,4.6640625,-4.4765625
1051,4.6640625,-4.484375
1052,4.65625,-4.48046875
1053,4.6640625,-4.4921875
1054,2.162109375,-2.26953125
1055,4.6640625,-4.48046875
1056,4.6484375,-4.51171875
1057,-2.298828125,2.431640625
1058,4.6484375,-4.5
1059,-2.298828125,2.4296875
1060,4.625,-4.51171875
1061,4.6484375,-4.48828125
1062,4.6640625,-4.50390625
1063,4.65625,-4.49609375
1064,4.66796875,-4.4765625
1065,4.66015625,-4.5078125
1066,4.65234375,-4.5
1067,4.66796875,-4.5
1068,4.6640625,-4.49609375
1069,-2.298828125,2.4296875
1070,4.6328125,-4.4765625
1071,4.66796875,-4.47265625
1072,4.6328125,-4.50390625
1073,4.62109375,-4.5
1074,4.64453125,-4.48046875
1075,4.6484375,-4.5
1076,4.66015625,-4.50390625
1077,-2.298828125,2.431640625
1078,4.67578125,-4.48046875
1079,4.66796875,-4.46875
1080,4.6484375,-4.5
1081,4.65234375,-4.5078125
1082,4.66015625,-4.5078125
1083,4.65234375,-4.49609375
1084,4.625,-4.515625
1085,4.640625,-4.5
1086,4.65625,-4.5078125
1087,-2.298828125,2.431640625
1088,4.63671875,-4.49609375
1089,4.27734375,-4.2421875
1090,4.65234375,-4.515625
1091,-2.296875,2.427734375
1092,4.6640625,-4.5078125
1093,4.66015625,-4.484375
1094,4.58203125,-4.47265625
1095,4.62890625,-4.5
1096,4.65234375,-4.5078125
1097,4.6484375,-4.4921875
1098,4.65234375,-4.5078125
1099,4.6484375,-4.48828125
1100,4.65625,-4.50390625
1101,-2.298828125,2.4296875
1102,4.6640625,-4.48828125
1103,4.671875,-4.484375
1104,4.546875,-4.46875
1105,4.6484375,-4.51171875
1106,4.62890625,-4.5078125
1107,4.66015625,-4.484375
1108,4.6640625,-4.50390625
1109,4.640625,-4.49609375
1110,4.65625,-4.49609375
1111,4.640625,-4.48828125
1112,4.65625,-4.48828125
1113,4.65625,-4.484375
1114,4.6640625,-4.4921875
1115,4.6640625,-4.4765625
1116,4.6328125,-4.5078125
1117,4.6640625,-4.48046875
1118,4.6640625,-4.50390625
1119,4.625,-4.4921875
1120,4.63671875,-4.5
1121,4.64453125,-4.49609375
1122,4.6640625,-4.5
1123,4.6640625,-4.484375
1124,4.65234375,-4.5
1125,4.609375,-4.49609375
1126,4.171875,-4.1796875
1127,4.6484375,-4.49609375
1128,4.66015625,-4.51171875
1129,4.6640625,-4.49609375
1130,4.55078125,-4.45703125
1131,4.65625,-4.50390625
1132,-2.296875,2.4296875
1133,4.65625,-4.5078125
1134,4.65625,-4.50390625
1135,4.66015625,-4.5
1136,4.66015625,-4.4921875
1137,-2.298828125,2.431640625
1138,4.64453125,-4.50390625
1139,4.65625,-4.49609375
1140,4.63671875,-4.50390625
1141,4.63671875,-4.51171875
1142,4.6484375,-4.5078125
1143,4.6640625,-4.5
1144,4.65625,-4.50390625
1145,4.671875,-4.5
1146,4.640625,-4.4921875
1147,4.65625,-4.484375
1148,4.66015625,-4.49609375
1149,4.671875,-4.47265625
1150,4.66015625,-4.5
1151,4.66796875,-4.484375
1152,4.4921875,-4.41015625
1153,4.65234375,-4.50390625
1154,4.65625,-4.51171875
1155,4.65625,-4.5
1156,4.6484375,-4.5078125
1157,4.66796875,-4.48828125
1158,4.66015625,-4.48828125
1159,4.65234375,-4.48828125
1160,4.65234375,-4.4921875
1161,4.64453125,-4.50390625
1162,4.64453125,-4.5078125
1163,4.66015625,-4.5078125
1164,4.65234375,-4.50390625
1165,3.6328125,-3.703125
1166,4.6640625,-4.48046875
1167,-2.296875,2.4296875
1168,4.61328125,-4.4765625
1169,4.65625,-4.4921875
1170,4.66796875,-4.48828125
1171,4.6328125,-4.5078125
1172,4.6640625,-4.51171875
1173,4.65234375,-4.4921875
1174,4.66015625,-4.5078125
1175,4.65234375,-4.5
1176,4.66015625,-4.50390625
1177,4.66796875,-4.4921875
1178,4.6640625,-4.5078125
1179,-2.296875,2.4296875
1180,4.66796875,-4.48046875
1181,4.59375,-4.484375
1182,4.66015625,-4.48828125
1183,4.6484375,-4.5078125
1184,4.64453125,-4.50390625
1185,4.58984375,-4.47265625
1186,4.66015625,-4.50390625
1187,4.65625,-4.51171875
1188,4.6484375,-4.48828125
1189,4.64453125,-4.484375
1190,4.65234375,-4.48046875
1191,4.65625,-4.5078125
1192,4.6484375,-4.48828125
1193,4.64453125,-4.50390625
1194,4.609375,-4.4921875
1195,4.65625,-4.5078125
1196,3.44921875,-3.505859375
1197,4.56640625,-4.4765625
1198,4.6640625,-4.49609375
1199,4.65234375,-4.48046875
1200,4.6640625,-4.4921875
1201,4.65234375,-4.5
1202,-2.296875,2.427734375
1203,4.66015625,-4.4765625
1204,4.265625,-4.25390625
1205,4.6640625,-4.4765625
1206,4.62109375,-4.484375
1207,-1.0673828125,1.0224609375
1208,-2.296875,2.4296875
1209,4.65625,-4.484375
1210,4.64453125,-4.49609375
1211,4.6640625,-4.5078125
1212,4.67578125,-4.49609375
1213,4.6640625,-4.5
1214,4.65625,-4.5
1215,4.65625,-4.484375
1216,4.64453125,-4.50390625
1217,4.6640625,-4.48828125
1218,4.66015625,-4.5078125
1219,-2.298828125,2.4296875
1220,4.640625,-4.5078125
1221,4.6640625,-4.4921875
1222,4.66015625,-4.5078125
1223,4.66015625,-4.5
1224,4.66015625,-4.484375
1225,4.6484375,-4.4765625
1226,4.65625,-4.48046875
1227,4.671875,-4.484375
1228,4.62109375,-4.50390625
1229,4.6484375,-4.515625
1230,4.66015625,-4.49609375
1231,4.66796875,-4.50390625
1232,4.66015625,-4.5
1233,4.65625,-4.49609375
1234,4.63671875,-4.515625
1235,4.66015625,-4.4921875
1236,4.66015625,-4.5
1237,-2.298828125,2.431640625
1238,4.64453125,-4.50390625
1239,4.66796875,-4.48828125
1240,4.65625,-4.48046875
1241,4.6484375,-4.51953125
1242,4.65625,-4.48828125
1243,4.66015625,-4.50390625
1244,4.640625,-4.5078125
1245,4.65234375,-4.484375
1246,4.66015625,-4.484375
1247,4.66015625,-4.50390625
1248,4.66015625,-4.50390625
1249,4.6640625,-4.5078125
1250,4.65625,-4.49609375
1251,4.55078125,-4.4453125
1252,4.63671875,-4.50390625
1253,4.6640625,-4.48046875
1254,4.65625,-4.48828125
1255,4.625,-4.50390625
1256,4.65625,-4.5078125
1257,4.6640625,-4.48046875
1258,4.66796875,-4.48046875
1259,4.6640625,-4.49609375
1260,4.66015625,-4.49609375
1261,4.671875,-4.484375
1262,-2.296875,2.4296875
1263,4.65625,-4.484375
1264,-2.298828125,2.431640625
1265,4.6484375,-4.49609375
1266,4.6640625,-4.47265625
1267,4.66015625,-4.50390625
1268,4.6015625,-4.484375
1269,4.66015625,-4.5
1270,4.63671875,-4.49609375
1271,4.65234375,-4.5078125
1272,4.66015625,-4.48046875
1273,4.66015625,-4.49609375
1274,4.66796875,-4.5
1275,4.66796875,-4.4921875
1276,4.65234375,-4.5
1277,2.244140625,-2.345703125
1278,-2.287109375,2.408203125
1279,4.6484375,-4.50390625
1280,4.6640625,-4.46875
1281,4.66015625,-4.5078125
1282,4.62109375,-4.50390625
1283,4.66015625,-4.4921875
1284,4.625,-4.515625
1285,4.66015625,-4.5078125
1286,4.66015625,-4.4765625
1287,4.6640625,-4.484375
1288,4.640625,-4.5078125
1289,4.65625,-4.484375
1290,4.63671875,-4.5078125
1291,4.65234375,-4.484375
1292,4.66015625,-4.49609375
1293,4.609375,-4.51171875
1294,4.65234375,-4.5078125
1295,4.66015625,-4.48046875
1296,4.65234375,-4.51171875
1297,4.6484375,-4.48828125
1298,4.66015625,-4.5
1299,4.6484375,-4.4921875
1300,4.37890625,-4.3515625
1301,4.6640625,-4.50390625
1302,4.66015625,-4.5
1303,4.6484375,-4.5
1304,4.57421875,-4.47265625
1305,4.6640625,-4.5
1306,4.66796875,-4.4921875
1307,4.65625,-4.5
1308,4.65234375,-4.5
1309,4.6640625,-4.46875
1310,4.66015625,-4.50390625
1311,4.66015625,-4.49609375
1312,4.671875,-4.4765625
1313,4.66015625,-4.5078125
1314,4.63671875,-4.46484375
1315,-2.298828125,2.431640625
1316,4.65234375,-4.5078125
1317,3.380859375,-3.421875
1318,4.62890625,-4.515625
1319,4.625,-4.5
1320,4.6484375,-4.49609375
1321,4.65234375,-4.49609375
1322,4.64453125,-4.5
1323,4.640625,-4.51171875
1324,4.65234375,-4.5
1325,4.6640625,-4.50390625
1326,4.66796875,-4.5
1327,4.66015625,-4.49609375
1328,4.65625,-4.50390625
1329,4.65625,-4.50390625
1330,4.6640625,-4.50390625
1331,-2.296875,2.423828125
1332,4.66796875,-4.5
1333,4.65625,-4.4921875
1334,4.66015625,-4.4921875
1335,4.6640625,-4.4921875
1336,4.66796875,-4.49609375
1337,4.65625,-4.49609375
1338,4.66796875,-4.4921875
1339,4.66015625,-4.4921875
1340,4.6640625,-4.49609375
1341,-2.296875,2.423828125
1342,4.6484375,-4.50390625
1343,4.6640625,-4.49609375
1344,2.908203125,-3.013671875
1345,4.6328125,-4.5078125
1346,4.66015625,-4.484375
1347,4.62890625,-4.49609375
1348,4.66796875,-4.4921875
1349,-2.2734375,2.380859375
1350,4.65625,-4.484375
1351,4.66015625,-4.515625
1352,4.64453125,-4.5
1353,4.65625,-4.5
1354,4.65625,-4.484375
1355,4.65625,-4.4921875
1356,4.62890625,-4.51171875
1357,4.66015625,-4.51171875
1358,4.6640625,-4.49609375
1359,4.65234375,-4.49609375
1360,4.6484375,-4.5078125
1361,4.65625,-4.4921875
1362,4.6640625,-4.49609375
1363,4.66796875,-4.484375
1364,4.64453125,-4.5
1365,4.65625,-4.4765625
1366,4.65625,-4.48046875
1367,4.65625,-4.49609375
1368,4.6484375,-4.5
1369,4.6640625,-4.49609375
1370,4.6484375,-4.5
1371,4.66015625,-4.4921875
1372,4.66796875,-4.49609375
1373,4.66796875,-4.484375
1374,4.6484375,-4.5078125
1375,4.65625,-4.50390625
1376,4.63671875,-4.5078125
1377,4.671875,-4.4921875
1378,4.6484375,-4.51953125
1379,4.66796875,-4.48046875
1380,4.6484375,-4.51171875
1381,4.6640625,-4.48828125
1382,4.66015625,-4.49609375
1383,4.66015625,-4.49609375
1384,4.65625,-4.51171875
1385,4.6328125,-4.50390625
1386,-2.298828125,2.431640625
1387,4.58984375,-4.46875
1388,4.6640625,-4.48046875
1389,4.6640625,-4.48046875
1390,4.6640625,-4.5
1391,4.6640625,-4.48828125
1392,4.64453125,-4.5078125
1393,4.6484375,-4.5078125
1394,4.6640625,-4.48828125
1395,4.6328125,-4.5078125
1396,4.66015625,-4.48046875
1397,4.65234375,-4.4921875
1398,-2.296875,2.427734375
1399,4.66796875,-4.4765625
1400,4.66015625,-4.5078125
1401,4.60546875,-4.48046875
1402,4.6640625,-4.4765625
1403,4.65625,-4.50390625
1404,4.6484375,-4.50390625
1405,4.64453125,-4.5
1406,4.66015625,-4.484375
1407,4.640625,-4.4921875
1408,4.64453125,-4.49609375
1409,4.66796875,-4.4765625
1410,4.63671875,-4.5078125
1411,4.65625,-4.51171875
1412,4.66015625,-4.48046875
1413,4.66015625,-4.4765625
1414,4.65625,-4.5
1415,4.6640625,-4.46484375
1416,4.65234375,-4.49609375
1417,4.65234375,-4.49609375
1418,4.66796875,-4.49609375
1419,4.66015625,-4.48828125
1420,4.5546875,-4.45703125
1421,4.640625,-4.4921875
1422,-2.298828125,2.431640625
1423,4.6484375,-4.5078125
1424,4.66015625,-4.50390625
1425,4.671875,-4.4765625
1426,4.64453125,-4.5078125
1427,4.65234375,-4.51953125
1428,-2.298828125,2.431640625
1429,4.6640625,-4.49609375
1430,4.65625,-4.49609375
1431,4.66796875,-4.50390625
1432,4.6640625,-4.48046875
1433,4.6484375,-4.5078125
1434,4.6640625,-4.49609375
1435,4.66015625,-4.48046875
1436,4.6484375,-4.4921875
1437,4.61328125,-4.5
1438,-2.296875,2.4296875
1439,4.65625,-4.48828125
1440,4.65625,-4.49609375
1441,4.65625,-4.4921875
1442,4.65234375,-4.50390625
1443,4.6171875,-4.50390625
1444,4.66796875,-4.48828125
1445,4.65234375,-4.51171875
1446,4.66015625,-4.5
1447,4.66015625,-4.50390625
1448,4.640625,-4.50390625
1449,4.6484375,-4.5078125
1450,4.65625,-4.4921875
1451,4.65625,-4.484375
1452,4.66796875,-4.5
1453,4.65625,-4.5
1454,4.6484375,-4.4921875
1455,4.66015625,-4.5
1456,4.65625,-4.50390625
1457,4.6484375,-4.48046875
1458,-2.296875,2.4296875
1459,-2.296875,2.4296875
1460,4.66015625,-4.50390625
1461,4.65234375,-4.49609375
1462,4.6484375,-4.5078125
1463,4.66796875,-4.49609375
1464,4.66015625,-4.5078125
1465,4.65625,-4.5078125
1466,4.359375,-4.34765625
1467,-2.298828125,2.431640625
1468,4.65234375,-4.5078125
1469,4.65625,-4.4921875
1470,4.65234375,-4.49609375
1471,4.6640625,-4.48828125
1472,4.671875,-4.4765625
1473,4.64453125,-4.4921875
1474,4.65234375,-4.5
1475,4.65234375,-4.4765625
1476,-2.298828125,2.4296875
1477,4.578125,-4.47265625
1478,4.66796875,-4.49609375
1479,4.6640625,-4.49609375
1480,4.609375,-4.50390625
1481,4.625,-4.51171875
1482,4.6640625,-4.49609375
1483,4.6328125,-4.49609375
1484,4.65625,-4.4765625
1485,-2.296875,2.423828125
1486,4.64453125,-4.50390625
1487,4.66015625,-4.5
1488,4.6640625,-4.5
1489,2.302734375,-2.40234375
1490,4.65234375,-4.49609375
1491,4.65625,-4.4921875
1492,4.65625,-4.5
1493,4.66015625,-4.5078125
1494,4.65234375,-4.50390625
1495,4.6328125,-4.50390625
1496,4.65625,-4.48046875
1497,4.6640625,-4.48046875
1498,4.625,-4.515625
1499,4.62890625,-4.50390625
1500,4.66015625,-4.484375
1501,4.63671875,-4.5078125
1502,-2.298828125,2.431640625
1503,4.6640625,-4.4765625
1504,4.6640625,-4.4921875
1505,4.65625,-4.4921875
1506,4.53125,-4.44140625
1507,4.66015625,-4.48046875
1508,4.62890625,-4.5
1509,4.65625,-4.484375
1510,4.65234375,-4.4921875
1511,4.66015625,-4.49609375
1512,4.54296875,-4.4609375
1513,4.65625,-4.48046875
1514,4.66796875,-4.48046875
1515,4.65625,-4.48828125
1516,4.66015625,-4.48828125
1517,4.65625,-4.48828125
1518,4.6640625,-4.5078125
1519,4.64453125,-4.5078125
1520,4.65625,-4.48828125
1521,4.65234375,-4.48828125
1522,4.65625,-4.50390625
1523,4.6171875,-4.515625
1524,4.66015625,-4.5
1525,4.66015625,-4.484375
1526,4.66796875,-4.5
1527,-2.298828125,2.4296875
1528,-2.294921875,2.421875
1529,4.64453125,-4.5
1530,4.65625,-4.49609375
1531,4.66015625,-4.49609375
1532,4.6640625,-4.4921875
1533,4.65234375,-4.51171875
1534,4.6171875,-4.5
1535,4.65234375,-4.49609375
1536,4.6640625,-4.5078125
1537,-2.298828125,2.431640625
1538,4.65625,-4.484375
1539,4.6015625,-4.4921875
1540,4.65625,-4.48828125
1541,4.6640625,-4.4765625
1542,4.65234375,-4.49609375
1543,4.65234375,-4.5
1544,4.66796875,-4.49609375
1545,4.65625,-4.50390625
1546,4.67578125,-4.4765625
1547,4.6640625,-4.51171875
1548,4.6484375,-4.50390625
1549,4.64453125,-4.5078125
1550,4.6484375,-4.48046875
1551,4.65625,-4.5078125
1552,4.6484375,-4.5
1553,4.65234375,-4.4921875
1554,4.60546875,-4.5
1555,4.67578125,-4.48828125
1556,4.66015625,-4.5
1557,0.061553955078125,-0.187255859375
1558,4.65625,-4.51953125
1559,4.65234375,-4.49609375
1560,-2.296875,2.423828125
1561,4.66015625,-4.5
1562,4.65625,-4.515625
1563,4.65234375,-4.48046875
1564,4.6015625,-4.4921875
1565,-2.2421875,2.328125
1566,4.6640625,-4.5078125
1567,4.65625,-4.49609375
1568,4.671875,-4.48046875
1569,4.66015625,-4.49609375
1570,4.65234375,-4.51171875
1571,4.64453125,-4.49609375
1572,4.60546875,-4.48828125
1573,-2.296875,2.427734375
1574,4.66015625,-4.5
1575,4.6640625,-4.5
1576,4.66796875,-4.49609375
1577,4.66015625,-4.50390625
1578,4.625,-4.4921875
1579,4.66796875,-4.48046875
1580,4.6640625,-4.484375
1581,-2.296875,2.4296875
1582,4.65625,-4.484375
1583,4.65234375,-4.49609375
1584,4.59765625,-4.47265625
1585,4.65234375,-4.4921875
1586,4.6640625,-4.48828125
1587,4.6640625,-4.50390625
1588,4.66796875,-4.5
1589,4.65234375,-4.48828125
1590,4.66796875,-4.50390625
1591,4.66796875,-4.50390625
1592,-2.287109375,2.408203125
1593,4.6640625,-4.48828125
1594,4.66015625,-4.4921875
1595,4.65625,-4.5
1596,4.6640625,-4.48046875
1597,4.65625,-4.4921875
1598,4.6640625,-4.4921875
1599,4.65625,-4.47265625
1600,4.6640625,-4.4921875
1601,4.66796875,-4.4921875
1602,4.63671875,-4.51171875
1603,4.65625,-4.50390625
1604,4.6484375,-4.5
1605,4.6484375,-4.48046875
1606,4.65625,-4.48828125
1607,4.65625,-4.484375
1608,4.45703125,-4.390625
1609,4.6640625,-4.49609375
1610,4.65625,-4.484375
1611,4.65625,-4.48828125
1612,4.66015625,-4.5
1613,4.6484375,-4.51171875
1614,4.6640625,-4.50390625
1615,-2.298828125,2.431640625
1616,4.66015625,-4.4921875
1617,4.6640625,-4.4921875
1618,4.66015625,-4.484375
1619,4.6640625,-4.49609375
1620,-2.298828125,2.431640625
1621,4.63671875,-4.515625
1622,4.65625,-4.48046875
1623,4.65234375,-4.50390625
1624,4.62109375,-4.50390625
1625,4.65625,-4.48828125
1626,4.64453125,-4.49609375
1627,4.64453125,-4.48046875
1628,-2.298828125,2.431640625
1629,2.16796875,-2.27734375
1630,4.66015625,-4.49609375
1631,4.6484375,-4.515625
1632,4.6484375,-4.50390625
1633,4.640625,-4.51171875
1634,4.6640625,-4.48046875
1635,4.66015625,-4.50390625
1636,4.62890625,-4.5078125
1637,4.6640625,-4.484375
1638,4.640625,-4.515625
1639,4.65625,-4.5
1640,4.66796875,-4.48046875
1641,4.640625,-4.5
1642,4.6640625,-4.484375
1643,4.6484375,-4.515625
1644,4.65625,-4.5078125
1645,4.65234375,-4.48046875
1646,4.66796875,-4.4921875
1647,-2.296875,2.4296875
1648,4.6484375,-4.5078125
1649,4.66015625,-4.484375
1650,4.65234375,-4.484375
1651,4.6640625,-4.48046875
1652,4.65234375,-4.48046875
1653,4.6640625,-4.484375
1654,4.6640625,-4.4765625
1655,4.65234375,-4.50390625
1656,4.44921875,-4.3984375
1657,4.64453125,-4.49609375
1658,4.625,-4.49609375
1659,4.65234375,-4.51171875
1660,4.6640625,-4.49609375
1661,4.6484375,-4.49609375
1662,4.65234375,-4.5078125
1663,-2.296875,2.4296875
1664,4.6640625,-4.4921875
1665,4.66796875,-4.50390625
1666,4.64453125,-4.5078125
1667,4.62890625,-4.5078125
1668,4.66015625,-4.4765625
1669,4.65625,-4.5
1670,4.6640625,-4.49609375
1671,4.671875,-4.47265625
1672,4.6640625,-4.50390625
1673,4.6640625,-4.5
1674,3.83984375,-3.857421875
1675,4.66796875,-4.4921875
1676,4.6640625,-4.49609375
1677,4.66796875,-4.5
1678,4.65234375,-4.49609375
1679,4.640625,-4.51171875
1680,4.66015625,-4.5078125
1681,4.6484375,-4.5
1682,4.6484375,-4.5
1683,4.65625,-4.4921875
1684,4.65234375,-4.49609375
1685,4.65625,-4.4921875
1686,4.6640625,-4.49609375
1687,4.66796875,-4.48046875
1688,4.65234375,-4.484375
1689,4.62890625,-4.51953125
1690,4.63671875,-4.5
1691,4.65625,-4.5078125
1692,4.65625,-4.5
1693,4.6640625,-4.49609375
1694,-2.298828125,2.431640625
1695,4.66796875,-4.484375
1696,4.65625,-4.48828125
1697,4.61328125,-4.4921875
1698,4.66796875,-4.4921875
1699,4.6328125,-4.51953125
1700,4.63671875,-4.49609375
1701,4.64453125,-4.49609375
1702,4.6640625,-4.48046875
1703,4.65625,-4.48046875
1704,4.62109375,-4.51171875
1705,4.6015625,-4.5
1706,4.64453125,-4.5078125
1707,4.6015625,-4.48046875
1708,4.65234375,-4.5
1709,4.6328125,-4.5078125
1710,4.6640625,-4.5
1711,4.62109375,-4.5
1712,4.640625,-4.50390625
1713,4.64453125,-4.5
1714,4.62109375,-4.50390625
1715,4.6484375,-4.49609375
1716,4.63671875,-4.51171875
1717,4.65625,-4.48828125
1718,4.6640625,-4.5
1719,4.66015625,-4.49609375
1720,4.6484375,-4.48828125
1721,4.65625,-4.49609375
1722,4.6328125,-4.5078125
1723,4.62890625,-4.49609375
1724,4.65234375,-4.51171875
1725,4.6640625,-4.48828125
1726,-1.291015625,1.2509765625
1727,4.65625,-4.4921875
1728,4.6484375,-4.50390625
1729,4.6484375,-4.49609375
1730,4.66015625,-4.4921875
1731,4.65625,-4.48046875
1732,4.65625,-4.51171875
1733,4.65625,-4.48046875
1734,4.6640625,-4.5078125
1735,-2.298828125,2.431640625
1736,2.998046875,-3.095703125
1737,2.96484375,-3.064453125
1738,4.6640625,-4.4921875
1739,4.65234375,-4.484375
1740,4.65625,-4.48046875
1741,4.6484375,-4.50390625
1742,4.6640625,-4.48046875
1743,4.65625,-4.484375
1744,4.62890625,-4.5
1745,4.65625,-4.4921875
1746,4.66015625,-4.5
1747,4.640625,-4.51171875
1748,2.53125,-2.66796875
1749,4.66015625,-4.49609375
1750,4.55859375,-4.45703125
1751,-2.298828125,2.4296875
1752,4.6640625,-4.5
1753,4.66796875,-4.46875
1754,4.6640625,-4.50390625
1755,4.64453125,-4.515625
1756,4.6328125,-4.51171875
1757,4.66796875,-4.50390625
1758,4.640625,-4.48828125
1759,-2.296875,2.427734375
1760,4.65234375,-4.48828125
1761,4.6640625,-4.5
1762,4.64453125,-4.5
1763,4.66796875,-4.4765625
1764,4.66796875,-4.49609375
1765,4.65625,-4.5
1766,4.65625,-4.51171875
1767,4.6640625,-4.50390625
1768,4.65234375,-4.48828125
1769,4.66015625,-4.50390625
1770,-2.291015625,2.41796875
1771,4.65625,-4.5
1772,4.6640625,-4.5
1773,4.6640625,-4.4921875
1774,4.65625,-4.5078125
1775,4.640625,-4.4921875
1776,-2.296875,2.4296875
1777,4.66796875,-4.4921875
1778,4.6484375,-4.50390625
1779,-2.296875,2.421875
1780,4.65234375,-4.484375
1781,4.65234375,-4.5
1782,-2.298828125,2.431640625
1783,4.65234375,-4.47265625
1784,4.65234375,-4.50390625
1785,4.65625,-4.49609375
1786,-2.298828125,2.431640625
1787,4.66796875,-4.51171875
1788,4.65234375,-4.48046875
1789,4.66015625,-4.5
1790,4.6640625,-4.4921875
1791,4.65625,-4.5078125
1792,4.65234375,-4.50390625
1793,4.65234375,-4.484375
1794,4.66015625,-4.50390625
1795,4.64453125,-4.515625
1796,4.6640625,-4.49609375
1797,4.6640625,-4.5
1798,4.6640625,-4.49609375
1799,4.66015625,-4.484375
1800,4.66796875,-4.5078125
1801,4.4921875,-4.41796875
1802,4.640625,-4.5078125
1803,-2.298828125,2.4296875
1804,4.671875,-4.49609375
1805,4.65234375,-4.515625
1806,-2.296875,2.427734375
1807,4.6171875,-4.49609375
1808,-2.296875,2.427734375
1809,4.66015625,-4.5
1810,4.66796875,-4.49609375
1811,4.66796875,-4.50390625
1812,4.66015625,-4.484375
1813,4.66796875,-4.4765625
1814,4.64453125,-4.5078125
1815,4.66015625,-4.5
1816,4.64453125,-4.49609375
1817,4.6484375,-4.51171875
1818,4.66796875,-4.48828125
1819,4.65625,-4.5
1820,3.4921875,-3.552734375
1821,4.6640625,-4.5
1822,-2.2890625,2.41015625
1823,4.65625,-4.5
1824,-2.296875,2.4296875
1825,4.625,-4.51953125
1826,4.65234375,-4.4765625
1827,4.65625,-4.5
1828,4.6640625,-4.51171875
1829,4.63671875,-4.5
1830,4.6171875,-4.48828125
1831,4.6484375,-4.4921875
1832,4.65625,-4.4765625
1833,4.6640625,-4.5
1834,4.64453125,-4.49609375
1835,4.6484375,-4.48828125
1836,4.65234375,-4.49609375
1837,4.67578125,-4.48046875
1838,1.8740234375,-1.9775390625
1839,4.6640625,-4.50390625
1840,4.66015625,-4.49609375
1841,4.65625,-4.5
1842,4.6640625,-4.50390625
1843,4.62109375,-4.50390625
1844,4.6484375,-4.5078125
1845,4.65625,-4.49609375
1846,4.6484375,-4.5
1847,4.65625,-4.51171875
1848,4.625,-4.50390625
1849,4.65625,-4.5
1850,4.66015625,-4.48828125
1851,4.6640625,-4.5078125
1852,4.65625,-4.49609375
1853,4.4375,-4.375
1854,4.62890625,-4.5078125
1855,4.65234375,-4.50390625
1856,4.4453125,-4.34765625
1857,-2.296875,2.42578125
1858,4.66796875,-4.484375
1859,4.65625,-4.4921875
1860,4.6640625,-4.48828125
1861,4.65625,-4.49609375
1862,4.65234375,-4.5078125
1863,4.65234375,-4.5078125
1864,4.6484375,-4.51171875
1865,4.65625,-4.5
1866,4.640625,-4.4921875
1867,4.64453125,-4.5
1868,4.671875,-4.484375
1869,4.66015625,-4.48828125
1870,4.66015625,-4.50390625
1871,4.6328125,-4.49609375
1872,4.66796875,-4.48046875
1873,4.66015625,-4.5078125
1874,4.65625,-4.484375
1875,4.65625,-4.4921875
1876,4.66015625,-4.49609375
1877,4.63671875,-4.50390625
1878,4.6640625,-4.48828125
1879,4.6640625,-4.48828125
1880,4.65625,-4.5
1881,4.65234375,-4.5
1882,4.6484375,-4.48828125
1883,4.65625,-4.48828125
1884,4.65625,-4.5
1885,4.66015625,-4.5
1886,4.6484375,-4.4921875
1887,4.6640625,-4.4765625
1888,4.65625,-4.48828125
1889,4.66015625,-4.5
1890,4.65234375,-4.49609375
1891,4.6640625,-4.4921875
1892,4.6640625,-4.4921875
1893,4.65625,-4.49609375
1894,4.6640625,-4.5078125
1895,4.67578125,-4.484375
1896,4.65234375,-4.4921875
1897,4.640625,-4.4765625
1898,4.65234375,-4.48828125
1899,4.6640625,-4.4921875
1900,4.65234375,-4.48828125
1901,4.1015625,-4.109375
1902,4.6484375,-4.49609375
1903,-2.296875,2.42578125
1904,4.65625,-4.5
1905,4.65625,-4.50390625
1906,4.6640625,-4.484375
1907,4.61328125,-4.50390625
1908,4.65625,-4.4921875
1909,4.66796875,-4.4921875
1910,4.62109375,-4.4921875
1911,-2.298828125,2.431640625
1912,4.65625,-4.49609375
1913,4.6484375,-4.5078125
1914,4.59375,-4.48828125
1915,4.66015625,-4.5
1916,4.65625,-4.5078125
1917,-2.296875,2.42578125
1918,-2.296875,2.427734375
1919,4.64453125,-4.5
1920,4.6015625,-4.50390625
1921,-2.2734375,2.3828125
1922,4.66015625,-4.50390625
1923,4.66015625,-4.5078125
1924,4.65625,-4.49609375
1925,4.64453125,-4.5
1926,-2.298828125,2.431640625
1927,4.65234375,-4.484375
1928,4.65234375,-4.5
1929,4.65234375,-4.4921875
1930,4.6484375,-4.49609375
1931,4.66015625,-4.50390625
1932,4.66015625,-4.49609375
1933,4.6484375,-4.51171875
1934,4.65234375,-4.4765625
1935,4.66015625,-4.50390625
1936,4.64453125,-4.5
1937,4.6640625,-4.49609375
1938,4.63671875,-4.51171875
1939,4.66015625,-4.50390625
1940,4.65625,-4.48828125
1941,4.6640625,-4.48828125
1942,-2.296875,2.427734375
1943,4.66015625,-4.5078125
1944,4.6640625,-4.49609375
1945,4.65234375,-4.5
1946,4.625,-4.5
1947,4.66015625,-4.5
1948,4.65234375,-4.49609375
1949,4.6640625,-4.49609375
1950,-2.296875,2.4296875
1951,4.65234375,-4.49609375
1952,4.6484375,-4.484375
1953,4.6640625,-4.4765625
1954,4.64453125,-4.5078125
1955,4.66015625,-4.48828125
1956,4.6484375,-4.49609375
1957,4.65625,-4.5078125
1958,4.66015625,-4.4921875
1959,4.65625,-4.5078125
1960,4.6640625,-4.49609375
1961,4.66796875,-4.49609375
1962,4.6484375,-4.5
1963,-2.298828125,2.4296875
1964,4.6484375,-4.49609375
1965,4.296875,-4.25390625
1966,4.65625,-4.51171875
1967,4.66015625,-4.50390625
1968,4.5390625,-4.453125
1969,-2.296875,2.4296875
1970,4.65234375,-4.49609375
1971,4.65234375,-4.51171875
1972,4.65234375,-4.4921875
1973,-2.298828125,2.431640625
1974,4.65234375,-4.515625
1975,-2.298828125,2.431640625
1976,4.6640625,-4.50390625
1977,4.66015625,-4.484375
1978,4.6484375,-4.4921875
1979,4.6640625,-4.48828125
1980,4.66015625,-4.5
1981,4.6484375,-4.48828125
1982,4.63671875,-4.5
1983,4.6484375,-4.5
1984,4.66796875,-4.5
1985,4.62890625,-4.50390625
1986,4.65234375,-4.5
1987,4.66015625,-4.51171875
1988,4.6640625,-4.50390625
1989,4.65625,-4.50390625
1990,4.6484375,-4.51171875
1991,4.65625,-4.48828125
1992,4.66015625,-4.49609375
1993,4.65234375,-4.50390625
1994,4.66015625,-4.48046875
1995,4.6640625,-4.4921875
1996,4.65625,-4.5078125
1997,-2.296875,2.427734375
1998,3.38671875,-3.458984375
1999,4.64453125,-4.5078125
2000,4.64453125,-4.5078125
2001,4.65625,-4.48046875
2002,4.66796875,-4.49609375
2003,4.65234375,-4.48046875
2004,4.64453125,-4.5
2005,4.66015625,-4.48828125
2006,4.6640625,-4.4921875
2007,4.66015625,-4.48828125
2008,4.640625,-4.51171875
2009,4.64453125,-4.51171875
2010,-2.298828125,2.431640625
2011,4.5859375,-4.484375
2012,4.40234375,-4.35546875
2013,4.62109375,-4.5078125
2014,4.65625,-4.48828125
2015,4.66015625,-4.484375
2016,4.66796875,-4.48046875
2017,4.37109375,-4.31640625
2018,4.66015625,-4.48828125
2019,4.6640625,-4.48828125
2020,4.65234375,-4.50390625
2021,4.66015625,-4.48046875
2022,4.6640625,-4.50390625
2023,4.6640625,-4.4921875
2024,4.63671875,-4.50390625
2025,4.6484375,-4.5078125
2026,4.6640625,-4.48828125
2027,4.65625,-4.5
2028,4.62109375,-4.49609375
2029,4.66015625,-4.4921875
2030,4.6640625,-4.47265625
2031,2.150390625,-2.259765625
2032,4.65234375,-4.48828125
2033,4.66015625,-4.49609375
2034,4.66015625,-4.49609375
2035,4.65234375,-4.50390625
2036,-2.298828125,2.431640625
2037,4.66015625,-4.5078125
2038,4.65625,-4.50390625
2039,4.6640625,-4.48046875
2040,4.6640625,-4.484375
2041,4.65234375,-4.5
2042,4.66015625,-4.5078125
2043,4.66015625,-4.4765625
2044,4.66015625,-4.4765625
2045,4.66015625,-4.5
2046,4.65234375,-4.484375
2047,4.671875,-4.48828125
2048,-2.298828125,2.4296875
2049,4.6640625,-4.48046875
2050,4.66796875,-4.47265625
2051,4.66796875,-4.5
2052,4.65234375,-4.49609375
2053,4.6640625,-4.5078125
2054,-2.298828125,2.431640625
2055,4.6640625,-4.5
2056,-2.298828125,2.431640625
2057,4.6640625,-4.484375
2058,4.65625,-4.48828125
2059,4.66796875,-4.48828125
2060,4.62109375,-4.515625
2061,4.6640625,-4.48828125
2062,4.66796875,-4.48828125
2063,4.66015625,-4.5
2064,3.974609375,-3.966796875
2065,4.6171875,-4.4921875
2066,4.6640625,-4.5
2067,4.6484375,-4.50390625
2068,4.66796875,-4.49609375
2069,4.6640625,-4.484375
2070,4.6640625,-4.4921875
2071,4.65625,-4.49609375
2072,4.65234375,-4.48046875
2073,4.6328125,-4.4921875
2074,4.6484375,-4.50390625
2075,-2.2890625,2.41015625
2076,4.66796875,-4.4921875
2077,4.6484375,-4.515625
2078,4.66015625,-4.51171875
2079,4.66015625,-4.5
2080,4.66015625,-4.48046875
2081,4.65234375,-4.48828125
2082,4.55859375,-4.47265625
2083,4.640625,-4.5
2084,4.6640625,-4.5
2085,4.66015625,-4.4921875
2086,4.6640625,-4.50390625
2087,4.63671875,-4.4921875
2088,4.65625,-4.50390625
2089,4.61328125,-4.4921875
2090,4.64453125,-4.50390625
2091,4.65625,-4.51171875
2092,-2.296875,2.423828125
2093,4.6484375,-4.49609375
2094,4.65234375,-4.4921875
2095,4.66015625,-4.5078125
2096,4.65625,-4.5078125
2097,4.63671875,-4.49609375
2098,4.66015625,-4.51171875
2099,4.6640625,-4.4921875
2100,4.65625,-4.5078125
2101,4.6640625,-4.5
2102,4.65625,-4.5078125
2103,4.6640625,-4.484375
2104,4.65625,-4.49609375
2105,4.65625,-4.484375
2106,4.6640625,-4.484375
2107,4.65234375,-4.5078125
2108,4.65234375,-4.5078125
2109,4.65625,-4.48828125
2110,4.66796875,-4.49609375
2111,4.66796875,-4.5
2112,4.6484375,-4.5
2113,4.6171875,-4.49609375
2114,4.65625,-4.4921875
2115,4.6640625,-4.48828125
2116,4.66796875,-4.48046875
2117,4.66015625,-4.48828125
2118,4.65234375,-4.48828125
2119,-2.298828125,2.431640625
2120,4.66796875,-4.5
2121,4.6484375,-4.4921875
2122,4.57421875,-4.4765625
2123,4.6640625,-4.5
2124,4.671875,-4.484375
2125,4.6640625,-4.49609375
2126,4.62890625,-4.5
2127,4.6640625,-4.5
2128,4.6640625,-4.49609375
2129,4.66015625,-4.50390625
2130,4.66015625,-4.4765625
2131,4.6640625,-4.4921875
2132,4.65625,-4.4921875
2133,4.66796875,-4.46484375
2134,4.65625,-4.48046875
2135,4.6640625,-4.51171875
2136,4.671875,-4.50390625
2137,4.65625,-4.4921875
2138,4.65625,-4.49609375
2139,4.6640625,-4.49609375
2140,4.6484375,-4.48046875
2141,4.65234375,-4.49609375
2142,4.66015625,-4.50390625
2143,4.65625,-4.484375
2144,4.640625,-4.5
2145,4.65625,-4.49609375
2146,4.65234375,-4.484375
2147,4.66015625,-4.48828125
2148,4.6328125,-4.51171875
2149,4.65234375,-4.51171875
2150,4.51171875,-4.43359375
2151,4.65234375,-4.50390625
2152,4.66796875,-4.49609375
2153,4.66015625,-4.5078125
2154,4.66796875,-4.50390625
2155,4.66015625,-4.5
2156,4.671875,-4.4765625
2157,4.66796875,-4.50390625
2158,4.6640625,-4.48046875
2159,4.6328125,-4.5078125
2160,4.65234375,-4.5
2161,4.671875,-4.4765625
2162,-2.271484375,2.37890625
2163,4.63671875,-4.51171875
2164,4.65625,-4.49609375
2165,4.66015625,-4.5
2166,4.6484375,-4.5
2167,4.6484375,-4.4921875
2168,4.62890625,-4.5
2169,4.64453125,-4.49609375
2170,-2.296875,2.427734375
2171,4.6640625,-4.50390625
2172,4.66015625,-4.484375
2173,4.66796875,-4.4921875
2174,4.6640625,-4.4765625
2175,4.66796875,-4.49609375
2176,4.65625,-4.5078125
2177,-2.296875,2.427734375
2178,4.671875,-4.484375
2179,4.6640625,-4.5
2180,4.66015625,-4.5
2181,4.66796875,-4.48828125
2182,4.66015625,-4.4765625
2183,4.63671875,-4.5
2184,4.66015625,-4.5078125
2185,4.65625,-4.4765625
2186,-2.298828125,2.431640625
2187,4.6640625,-4.49609375
2188,4.66796875,-4.49609375
2189,4.66015625,-4.49609375
2190,4.64453125,-4.50390625
2191,4.6640625,-4.48046875
2192,4.6484375,-4.51171875
2193,4.66015625,-4.484375
2194,4.6640625,-4.5
2195,4.671875,-4.5
2196,-2.296875,2.423828125
2197,4.609375,-4.4921875
2198,-2.298828125,2.431640625
2199,4.66796875,-4.50390625
2200,4.65625,-4.48046875
2201,4.65625,-4.5
2202,4.65234375,-4.5078125
2203,4.61328125,-4.5078125
2204,4.6484375,-4.50390625
2205,4.6640625,-4.484375
2206,4.65625,-4.51171875
2207,-2.298828125,2.431640625
2208,4.1875,-4.1796875
2209,4.65625,-4.5
2210,4.328125,-4.3046875
2211,4.66015625,-4.50390625
2212,4.6640625,-4.5
2213,4.6640625,-4.4765625
2214,4.66015625,-4.5078125
2215,4.09375,-4.109375
2216,4.64453125,-4.5
2217,4.6640625,-4.48828125
2218,4.6640625,-4.4921875
2219,4.40625,-4.3515625
2220,4.65625,-4.5078125
2221,4.6640625,-4.49609375
2222,-2.291015625,2.41796875
2223,4.65625,-4.50390625
2224,4.6640625,-4.5
2225,4.6640625,-4.47265625
2226,4.63671875,-4.51171875
2227,4.6484375,-4.4921875
2228,4.64453125,-4.50390625
2229,4.64453125,-4.5
2230,4.65625,-4.5
2231,4.46875,-4.3984375
2232,4.65625,-4.4921875
2233,4.65234375,-4.484375
2234,4.66796875,-4.48828125
2235,-2.298828125,2.431640625
2236,-2.298828125,2.431640625
2237,3.4453125,-3.498046875
2238,-2.216796875,2.287109375
2239,4.6640625,-4.50390625
2240,4.65625,-4.49609375
2241,-2.29296875,2.41796875
2242,4.6484375,-4.51171875
2243,4.6640625,-4.4765625
2244,4.66015625,-4.4921875
2245,4.6640625,-4.5078125
2246,-2.298828125,2.4296875
2247,-2.298828125,2.431640625
2248,4.64453125,-4.5078125
2249,4.64453125,-4.5078125
2250,4.5703125,-4.46875
2251,4.66796875,-4.5
2252,4.65234375,-4.48828125
2253,4.62109375,-4.49609375
2254,4.65625,-4.5078125
2255,4.6640625,-4.47265625
2256,4.65234375,-4.51171875
2257,4.65625,-4.5
2258,4.66015625,-4.4921875
2259,4.66015625,-4.50390625
2260,4.66015625,-4.48828125
2261,4.6484375,-4.49609375
2262,4.6640625,-4.48046875
2263,4.6640625,-4.484375
2264,4.65625,-4.4921875
2265,4.65625,-4.51171875
2266,4.640625,-4.49609375
2267,4.63671875,-4.51953125
2268,4.65234375,-4.5
2269,-2.255859375,2.3515625
2270,4.66796875,-4.49609375
2271,4.6171875,-4.48828125
2272,4.640625,-4.50390625
2273,4.6484375,-4.51171875
2274,4.6484375,-4.5078125
2275,4.65234375,-4.51171875
2276,4.6640625,-4.50390625
2277,4.66796875,-4.49609375
2278,-2.296875,2.427734375
2279,4.65234375,-4.48828125
2280,4.65234375,-4.51171875
2281,4.65625,-4.48828125
2282,4.65234375,-4.51171875
2283,4.65234375,-4.5078125
2284,4.65625,-4.48828125
2285,4.65625,-4.48046875
2286,4.63671875,-4.5078125
2287,-2.298828125,2.4296875
2288,4.63671875,-4.5078125
2289,4.6640625,-4.4921875
2290,4.6640625,-4.49609375
2291,4.6484375,-4.515625
2292,-2.298828125,2.431640625
2293,4.66015625,-4.5
2294,4.640625,-4.50390625
2295,4.65625,-4.4921875
2296,4.63671875,-4.48828125
2297,4.65625,-4.4921875
2298,4.65625,-4.5078125
2299,4.6484375,-4.5
2300,4.671875,-4.48046875
2301,4.6640625,-4.5078125
2302,4.5234375,-4.4296875
2303,4.6328125,-4.5
2304,4.6484375,-4.5078125
2305,4.6484375,-4.51171875
2306,4.6640625,-4.49609375
2307,4.65625,-4.5
2308,4.66015625,-4.51171875
2309,4.640625,-4.51171875
2310,4.546875,-4.453125
2311,-2.296875,2.427734375
2312,4.6640625,-4.5078125
2313,-2.28515625,2.400390625
2314,4.6171875,-4.5
2315,4.65625,-4.5
2316,4.66015625,-4.49609375
2317,4.66015625,-4.48828125
2318,-2.29296875,2.41796875
2319,4.6640625,-4.484375
2320,4.6640625,-4.49609375
2321,4.64453125,-4.5078125
2322,-2.296875,2.427734375
2323,4.61328125,-4.49609375
2324,4.65625,-4.515625
2325,4.65625,-4.4921875
2326,4.66015625,-4.4921875
2327,4.65234375,-4.5078125
2328,4.65625,-4.49609375
2329,4.640625,-4.5
2330,4.64453125,-4.50390625
2331,4.66015625,-4.4921875
2332,4.65234375,-4.5
2333,-2.296875,2.4296875
2334,4.6484375,-4.5
2335,4.65625,-4.49609375
2336,4.66015625,-4.49609375
2337,4.66015625,-4.48046875
2338,4.59765625,-4.47265625
2339,4.6640625,-4.4921875
2340,4.64453125,-4.5
2341,4.66796875,-4.48046875
2342,4.65625,-4.5078125
2343,4.66015625,-4.48828125
2344,-2.296875,2.427734375
2345,4.6640625,-4.49609375
2346,4.66015625,-4.50390625
2347,-2.296875,2.427734375
2348,4.65625,-4.484375
2349,-2.298828125,2.431640625
2350,4.6484375,-4.49609375
2351,4.66796875,-4.49609375
2352,4.64453125,-4.4921875
2353,4.63671875,-4.515625
2354,4.640625,-4.50390625
2355,4.65625,-4.4921875
2356,2.53515625,-2.58203125
2357,4.65625,-4.50390625
2358,4.6640625,-4.49609375
2359,4.6484375,-4.50390625
2360,4.65234375,-4.5078125
2361,4.65625,-4.48828125
2362,4.65625,-4.49609375
2363,4.66796875,-4.4921875
2364,4.65625,-4.484375
2365,4.6484375,-4.50390625
2366,4.66015625,-4.49609375
2367,4.6640625,-4.49609375
2368,4.671875,-4.484375
2369,-2.298828125,2.431640625
2370,4.47265625,-4.4140625
2371,4.6640625,-4.50390625
2372,4.6484375,-4.4765625
2373,4.65234375,-4.4921875
2374,-2.294921875,2.421875
2375,4.65625,-4.5078125
2376,4.6640625,-4.4765625
2377,4.66015625,-4.4921875
2378,4.66796875,-4.4765625
2379,4.6640625,-4.50390625
2380,4.6328125,-4.51171875
2381,4.64453125,-4.49609375
2382,4.62109375,-4.4921875
2383,-2.298828125,2.431640625
2384,4.65625,-4.4921875
2385,4.62890625,-4.5078125
2386,4.66796875,-4.5
2387,4.66015625,-4.5
2388,2.142578125,-2.248046875
2389,-1.4150390625,1.376953125
2390,4.66796875,-4.4921875
2391,4.65234375,-4.515625
2392,4.6171875,-4.5
2393,4.6328125,-4.5
2394,3.845703125,-3.875
2395,4.6640625,-4.5
2396,4.65625,-4.484375
2397,4.65234375,-4.50390625
2398,4.6484375,-4.484375
2399,4.66796875,-4.484375
2400,4.20703125,-4.1953125
2401,4.6640625,-4.4921875
2402,4.6484375,-4.48828125
2403,-2.296875,2.423828125
2404,4.66796875,-4.4921875
2405,4.66015625,-4.5
2406,-2.298828125,2.431640625
2407,4.640625,-4.515625
2408,4.65625,-4.5078125
2409,-2.296875,2.427734375
2410,4.66796875,-4.49609375
2411,4.6640625,-4.48828125
2412,4.64453125,-4.5
2413,4.66015625,-4.51171875
2414,4.66015625,-4.51171875
2415,4.6484375,-4.5078125
2416,4.66796875,-4.48046875
2417,4.65625,-4.4921875
2418,4.64453125,-4.51171875
2419,4.62109375,-4.48046875
2420,4.65625,-4.5078125
2421,4.6640625,-4.4765625
2422,4.6484375,-4.49609375
2423,4.65234375,-4.48828125
2424,4.65625,-4.5078125
2425,4.6640625,-4.5
2426,-2.298828125,2.431640625
2427,4.65625,-4.48046875
2428,4.66796875,-4.50390625
2429,4.66015625,-4.50390625
2430,4.6640625,-4.4765625
2431,2.830078125,-2.923828125
2432,4.6640625,-4.5
2433,4.6484375,-4.51171875
2434,4.65234375,-4.48828125
2435,-2.298828125,2.431640625
2436,4.6328125,-4.50390625
2437,4.65234375,-4.5078125
2438,4.65234375,-4.50390625
2439,4.65625,-4.50390625
2440,4.6640625,-4.5
2441,4.6484375,-4.5078125
2442,4.66015625,-4.48828125
2443,4.6640625,-4.47265625
2444,4.66015625,-4.50390625
2445,4.63671875,-4.51171875
2446,4.66015625,-4.50390625
2447,4.6640625,-4.5
2448,4.65625,-4.4921875
2449,4.65234375,-4.4765625
2450,4.6015625,-4.4921875
2451,4.65625,-4.51171875
2452,4.44921875,-4.37890625
2453,4.63671875,-4.49609375
2454,4.64453125,-4.5078125
2455,4.64453125,-4.50390625
2456,4.6640625,-4.484375
2457,-2.298828125,2.431640625
2458,4.6640625,-4.5
2459,4.65234375,-4.5
2460,4.65234375,-4.5
2461,3.767578125,-3.818359375
2462,4.66796875,-4.4921875
2463,-2.298828125,2.4296875
2464,4.65625,-4.4921875
2465,-2.296875,2.42578125
2466,4.62109375,-4.5078125
2467,-2.232421875,2.3125
2468,-2.298828125,2.431640625
2469,4.55078125,-4.45703125
2470,-2.275390625,2.388671875
2471,4.66796875,-4.4921875
2472,4.6484375,-4.484375
2473,4.62890625,-4.5
2474,4.66015625,-4.4765625
2475,4.65234375,-4.5
2476,4.65625,-4.48828125
2477,4.65625,-4.484375
2478,4.63671875,-4.50390625
2479,4.625,-4.51171875
2480,4.65234375,-4.51171875
2481,4.6640625,-4.49609375
2482,4.65625,-4.5
2483,4.6640625,-4.48046875
2484,4.66796875,-4.49609375
2485,-2.294921875,2.421875
2486,4.65234375,-4.49609375
2487,4.6484375,-4.5078125
2488,4.640625,-4.51171875
2489,4.66015625,-4.50390625
2490,4.66015625,-4.4921875
2491,-2.296875,2.427734375
2492,4.6484375,-4.5078125
2493,4.6484375,-4.50390625
2494,4.63671875,-4.50390625
2495,4.6640625,-4.51171875
2496,4.65625,-4.48828125
2497,4.65234375,-4.5
2498,4.453125,-4.390625
2499,4.6640625,-4.48828125
2500,4.66015625,-4.50390625
2501,4.6484375,-4.5078125
2502,-2.298828125,2.431640625
2503,4.6640625,-4.5
2504,4.6640625,-4.5
2505,4.65625,-4.51171875
2506,4.65625,-4.5078125
2507,4.65625,-4.5078125
2508,4.234375,-4.19921875
2509,4.66015625,-4.4921875
2510,4.65625,-4.4921875
2511,4.65234375,-4.5
2512,-2.296875,2.427734375
2513,1.173828125,-1.015625
2514,4.44921875,-4.375
2515,4.66015625,-4.48828125
2516,4.640625,-4.5078125
2517,-2.298828125,2.4296875
2518,4.66015625,-4.4921875
2519,4.66015625,-4.5
2520,4.65625,-4.484375
2521,4.66796875,-4.50390625
2522,4.66015625,-4.4765625
2523,4.6484375,-4.48046875
2524,4.65234375,-4.4921875
2525,4.6484375,-4.49609375
2526,4.65625,-4.49609375
2527,4.66015625,-4.4765625
2528,4.65625,-4.46875
2529,4.5390625,-4.453125
2530,4.625,-4.5078125
2531,4.66796875,-4.5
2532,4.66015625,-4.5078125
2533,4.65625,-4.48046875
2534,4.6328125,-4.484375
2535,4.65625,-4.51171875
2536,4.62890625,-4.48828125
2537,4.65625,-4.48046875
2538,4.66796875,-4.5078125
2539,4.6484375,-4.49609375
2540,4.66015625,-4.5
2541,4.6484375,-4.484375
2542,4.59765625,-4.484375
2543,4.6640625,-4.4921875
2544,4.6640625,-4.4921875
2545,4.65625,-4.48828125
2546,4.65234375,-4.49609375
2547,4.6640625,-4.4921875
2548,4.6328125,-4.5078125
2549,4.6484375,-4.4765625
2550,4.6640625,-4.4921875
2551,4.66015625,-4.49609375
2552,4.65625,-4.5
2553,4.625,-4.50390625
2554,4.671875,-4.484375
2555,4.66015625,-4.49609375
2556,-2.296875,2.4296875
2557,-2.27734375,2.392578125
2558,4.6640625,-4.48046875
2559,4.66015625,-4.48046875
2560,4.65625,-4.49609375
2561,4.6484375,-4.5078125
2562,4.671875,-4.4765625
2563,4.6640625,-4.5078125
2564,4.6015625,-4.48828125
2565,-2.296875,2.4296875
2566,4.66796875,-4.4765625
2567,4.65625,-4.5
2568,4.65234375,-4.51171875
2569,4.65234375,-4.49609375
2570,4.66015625,-4.50390625
2571,4.6640625,-4.4921875
2572,4.65234375,-4.484375
2573,4.64453125,-4.5
2574,4.64453125,-4.48828125
2575,4.66015625,-4.48828125
2576,4.625,-4.515625
2577,-2.298828125,2.431640625
2578,4.65234375,-4.49609375
2579,4.62890625,-4.49609375
2580,4.65234375,-4.49609375
2581,4.62109375,-4.46875
2582,4.65625,-4.49609375
2583,4.66796875,-4.5
2584,4.6640625,-4.5
2585,4.65625,-4.51171875
2586,4.59765625,-4.484375
2587,-2.296875,2.431640625
2588,4.66015625,-4.5078125
2589,4.66015625,-4.5078125
2590,4.61328125,-4.5
2591,4.65625,-4.4921875
2592,3.7421875,-3.779296875
2593,4.62890625,-4.5078125
2594,4.65625,-4.5
2595,4.66015625,-4.49609375
2596,4.66015625,-4.5078125
2597,4.6328125,-4.50390625
2598,4.6640625,-4.484375
2599,4.65625,-4.49609375
2600,4.65234375,-4.48828125
2601,4.65625,-4.50390625
2602,4.66796875,-4.5
2603,4.6484375,-4.50390625
2604,4.65625,-4.50390625
2605,4.6640625,-4.48046875
2606,4.66796875,-4.48828125
2607,4.65625,-4.484375
2608,4.65234375,-4.5
2609,4.42578125,-4.33984375
2610,4.66015625,-4.5078125
2611,4.6484375,-4.50390625
2612,4.6796875,-4.48046875
2613,4.6640625,-4.484375
2614,4.65625,-4.5078125
2615,4.65234375,-4.515625
2616,4.65625,-4.51171875
2617,4.66015625,-4.49609375
2618,4.57421875,-4.4921875
2619,4.66015625,-4.48828125
2620,4.6484375,-4.4921875
2621,4.66015625,-4.5078125
2622,4.64453125,-4.4765625
2623,4.66015625,-4.5078125
2624,4.65625,-4.50390625
2625,4.66015625,-4.5078125
2626,4.66015625,-4.4765625
2627,4.65625,-4.4921875
2628,4.65625,-4.5
2629,4.65625,-4.50390625
2630,4.6640625,-4.48828125
2631,4.65234375,-4.5
2632,-2.296875,2.427734375
2633,4.65625,-4.48828125
2634,4.6640625,-4.48828125
2635,4.65625,-4.49609375
2636,4.65625,-4.48828125
2637,4.66015625,-4.4921875
2638,4.65625,-4.50390625
2639,4.66015625,-4.51171875
2640,4.65234375,-4.5
2641,1.8017578125,-1.849609375
2642,4.6484375,-4.50390625
2643,4.6640625,-4.5
2644,4.66796875,-4.5
2645,4.6640625,-4.4921875
2646,-2.298828125,2.431640625
2647,-2.296875,2.427734375
2648,4.66015625,-4.49609375
2649,4.6640625,-4.49609375
2650,4.6640625,-4.5
2651,4.63671875,-4.515625
2652,4.64453125,-4.5078125
2653,4.66015625,-4.5
2654,4.6640625,-4.4921875
2655,4.62890625,-4.50390625
2656,4.65625,-4.49609375
2657,4.62890625,-4.515625
2658,-2.296875,2.427734375
2659,4.65625,-4.51171875
2660,4.65625,-4.4921875
2661,4.66015625,-4.484375
2662,-2.298828125,2.4296875
2663,4.6640625,-4.50390625
2664,4.65234375,-4.5
2665,4.66015625,-4.49609375
2666,4.66015625,-4.49609375
2667,4.65625,-4.4921875
2668,4.671875,-4.50390625
2669,2.60546875,-2.69921875
2670,4.5,-4.4296875
2671,-2.296875,2.42578125
2672,4.6484375,-4.515625
2673,4.6640625,-4.48828125
2674,-1.6064453125,1.583984375
2675,4.64453125,-4.484375
2676,4.64453125,-4.515625
2677,4.65625,-4.49609375
2678,4.66796875,-4.47265625
2679,4.63671875,-4.51171875
2680,4.6640625,-4.48828125
2681,4.63671875,-4.50390625
2682,-2.298828125,2.431640625
2683,4.6484375,-4.4921875
2684,4.66796875,-4.5
2685,-2.298828125,2.4296875
2686,4.66796875,-4.5
2687,4.65234375,-4.4921875
2688,4.6328125,-4.49609375
2689,4.66796875,-4.4921875
2690,4.6640625,-4.5078125
2691,4.62890625,-4.5
2692,4.66015625,-4.51171875
2693,4.65234375,-4.5
2694,4.65234375,-4.4921875
2695,4.62890625,-4.49609375
2696,4.6328125,-4.50390625
2697,4.65625,-4.48046875
2698,4.6640625,-4.50390625
2699,4.65234375,-4.49609375
2700,4.6640625,-4.4921875
2701,-2.248046875,2.3359375
2702,3.111328125,-3.2109375
2703,4.65234375,-4.50390625
2704,4.66015625,-4.4921875
2705,4.66015625,-4.49609375
2706,3.298828125,-3.396484375
2707,4.6484375,-4.5
2708,4.65625,-4.48828125
2709,4.66015625,-4.48828125
2710,4.66015625,-4.4921875
2711,4.6171875,-4.4921875
2712,-2.296875,2.427734375
2713,4.66796875,-4.48828125
2714,4.6484375,-4.515625
2715,4.6640625,-4.48046875
2716,4.64453125,-4.49609375
2717,4.66796875,-4.49609375
2718,4.66015625,-4.48046875
2719,4.671875,-4.5
2720,4.6328125,-4.5078125
2721,4.640625,-4.50390625
2722,4.6640625,-4.49609375
2723,4.6484375,-4.5078125
2724,4.65625,-4.49609375
2725,4.6640625,-4.48046875
2726,4.65234375,-4.50390625
2727,4.6640625,-4.48828125
2728,4.66015625,-4.49609375
2729,4.6640625,-4.4921875
2730,4.64453125,-4.51171875
2731,4.65625,-4.4921875
2732,4.66796875,-4.49609375
2733,4.66796875,-4.50390625
2734,4.66015625,-4.484375
2735,-2.291015625,2.4140625
2736,4.59765625,-4.484375
2737,4.63671875,-4.5078125
2738,4.65625,-4.49609375
2739,4.64453125,-4.5078125
2740,4.66015625,-4.46484375
2741,4.671875,-4.50390625
2742,4.66796875,-4.48046875
2743,-2.296875,2.421875
2744,4.63671875,-4.515625
2745,4.66796875,-4.5
2746,4.65234375,-4.5
2747,4.65625,-4.4921875
2748,4.64453125,-4.5078125
2749,4.6640625,-4.5
2750,4.6640625,-4.5
2751,4.6640625,-4.48046875
2752,4.66015625,-4.5078125
2753,4.66796875,-4.49609375
2754,4.6640625,-4.50390625
2755,4.6484375,-4.50390625
2756,4.6640625,-4.484375
2757,4.66015625,-4.48828125
2758,4.6640625,-4.49609375
2759,4.640625,-4.5
2760,4.65234375,-4.51171875
2761,-2.296875,2.427734375
2762,4.65234375,-4.51171875
2763,4.56640625,-4.4609375
2764,4.65234375,-4.4921875
2765,4.375,-4.3203125
2766,4.66015625,-4.49609375
2767,-2.296875,2.423828125
2768,4.671875,-4.5
2769,4.66796875,-4.5
2770,-2.298828125,2.431640625
2771,4.62890625,-4.50390625
2772,4.65625,-4.5078125
2773,4.65234375,-4.484375
2774,4.65625,-4.5
2775,4.37109375,-4.33203125
2776,4.65234375,-4.48046875
2777,4.6484375,-4.5
2778,4.6171875,-4.515625
2779,4.65625,-4.49609375
2780,4.64453125,-4.5078125
2781,4.6640625,-4.50390625
2782,4.66015625,-4.48046875
2783,-2.25,2.34375
2784,4.66015625,-4.49609375
2785,4.66015625,-4.48046875
2786,4.66015625,-4.484375
2787,4.671875,-4.484375
2788,4.66796875,-4.50390625
2789,4.6640625,-4.5
2790,4.65625,-4.50390625
2791,4.65234375,-4.4765625
2792,4.640625,-4.5078125
2793,4.51953125,-4.421875
2794,4.66015625,-4.5
2795,4.65625,-4.5
2796,4.65625,-4.51171875
2797,4.65234375,-4.49609375
2798,4.63671875,-4.49609375
2799,4.66015625,-4.5078125
2800,4.65625,-4.4765625
2801,4.65625,-4.5
2802,4.6484375,-4.48828125
2803,4.65234375,-4.48828125
2804,4.65625,-4.5078125
2805,4.65625,-4.484375
2806,4.65625,-4.49609375
2807,-2.298828125,2.431640625
2808,4.6328125,-4.50390625
2809,4.6640625,-4.5
2810,4.66015625,-4.5
2811,4.62890625,-4.51171875
2812,4.62890625,-4.515625
2813,4.671875,-4.484375
2814,4.6484375,-4.50390625
2815,-2.28125,2.3984375
2816,4.64453125,-4.515625
2817,4.6640625,-4.5
2818,4.65625,-4.50390625
2819,4.6640625,-4.4921875
2820,4.66015625,-4.4921875
2821,4.6640625,-4.5
2822,4.65625,-4.48046875
2823,4.6640625,-4.49609375
2824,4.671875,-4.484375
2825,4.65625,-4.4921875
2826,4.66015625,-4.4921875
2827,4.671875,-4.4765625
2828,4.6640625,-4.4921875
2829,4.66796875,-4.5
2830,4.66015625,-4.5
2831,4.6640625,-4.4921875
2832,4.65625,-4.5
2833,4.65234375,-4.5078125
2834,4.65625,-4.484375
2835,4.6640625,-4.5
2836,4.65625,-4.51171875
2837,4.65234375,-4.48046875
2838,4.6171875,-4.484375
2839,-2.298828125,2.4296875
2840,4.66796875,-4.4921875
2841,4.65234375,-4.4765625
2842,4.65234375,-4.484375
2843,4.66015625,-4.5
2844,4.640625,-4.4921875
2845,4.66015625,-4.4921875
2846,4.66015625,-4.48046875
2847,4.66015625,-4.48828125
2848,3.68359375,-3.74609375
2849,4.640625,-4.51953125
2850,4.65625,-4.48828125
2851,4.6328125,-4.51171875
2852,-2.298828125,2.431640625
2853,4.6640625,-4.5
2854,4.65625,-4.4921875
2855,4.66015625,-4.5078125
2856,4.65625,-4.51171875
2857,4.62109375,-4.51171875
2858,-2.291015625,2.416015625
2859,4.6640625,-4.49609375
2860,4.48828125,-4.4140625
2861,4.6484375,-4.515625
2862,4.625,-4.49609375
2863,-2.296875,2.427734375
2864,4.65234375,-4.48046875
2865,4.65625,-4.49609375
2866,4.66015625,-4.5
2867,-2.296875,2.4296875
2868,4.65234375,-4.5
2869,4.65625,-4.4921875
2870,4.6171875,-4.49609375
2871,4.64453125,-4.49609375
2872,4.6640625,-4.49609375
2873,4.6640625,-4.5078125
2874,4.6640625,-4.49609375
2875,4.63671875,-4.51171875
2876,4.64453125,-4.51171875
2877,4.66796875,-4.49609375
2878,4.65234375,-4.484375
2879,4.6640625,-4.49609375
2880,4.65625,-4.51171875
2881,4.65625,-4.48828125
2882,4.66796875,-4.484375
2883,4.640625,-4.50390625
2884,4.65625,-4.49609375
2885,4.65234375,-4.50390625
2886,4.65625,-4.5
2887,4.6484375,-4.50390625
2888,4.6640625,-4.4765625
2889,4.48046875,-4.40625
2890,4.625,-4.5
2891,4.65234375,-4.4921875
2892,4.65625,-4.5
2893,4.609375,-4.48828125
2894,4.65625,-4.484375
2895,4.66015625,-4.48828125
2896,4.65234375,-4.48828125
2897,4.6484375,-4.5078125
2898,4.6640625,-4.5078125
2899,-2.298828125,2.431640625
2900,4.66796875,-4.5
2901,4.6640625,-4.5
2902,4.66015625,-4.50390625
2903,4.66796875,-4.49609375
2904,4.65625,-4.5078125
2905,4.62890625,-4.5078125
2906,4.65625,-4.5078125
2907,4.67578125,-4.484375
2908,4.66015625,-4.5
2909,4.65234375,-4.5
2910,4.66796875,-4.484375
2911,4.6640625,-4.49609375
2912,4.6328125,-4.515625
2913,4.66796875,-4.4921875
2914,4.66015625,-4.4765625
2915,4.65625,-4.50390625
2916,4.6484375,-4.49609375
2917,4.65625,-4.4921875
2918,-2.296875,2.423828125
2919,4.63671875,-4.51171875
2920,4.6484375,-4.49609375
2921,4.50390625,-4.41796875
2922,4.62109375,-4.4921875
2923,4.65625,-4.484375
2924,4.65625,-4.48828125
2925,4.64453125,-4.49609375
2926,4.640625,-4.48828125
2927,4.65625,-4.5
2928,4.66015625,-4.48828125
2929,3.640625,-3.6953125
2930,4.65234375,-4.5078125
2931,4.66015625,-4.50390625
2932,4.546875,-4.44140625
2933,4.640625,-4.51171875
2934,4.66796875,-4.50390625
2935,4.6484375,-4.4921875
2936,4.65625,-4.5
2937,4.66796875,-4.48046875
2938,-2.298828125,2.4296875
2939,4.65234375,-4.5078125
2940,3.763671875,-3.84375
2941,4.66015625,-4.4765625
2942,4.65234375,-4.4921875
2943,4.625,-4.49609375
2944,4.66796875,-4.4921875
2945,4.6484375,-4.4921875
2946,4.66015625,-4.50390625
2947,4.6484375,-4.4765625
2948,4.53515625,-4.45703125
2949,4.65625,-4.48828125
2950,4.66015625,-4.5078125
2951,-2.296875,2.4296875
2952,4.6640625,-4.5
2953,4.62109375,-4.484375
2954,4.64453125,-4.515625
2955,4.65234375,-4.49609375
2956,4.5234375,-4.4296875
2957,-2.26171875,2.36328125
2958,4.66015625,-4.50390625
2959,4.65234375,-4.5078125
2960,4.6640625,-4.5
2961,4.6171875,-4.4921875
2962,4.66015625,-4.48046875
2963,4.65625,-4.5
2964,4.66796875,-4.484375
2965,4.65625,-4.49609375
2966,-2.294921875,2.419921875
2967,4.6484375,-4.484375
2968,4.6640625,-4.5078125
2969,4.65625,-4.49609375
2970,4.64453125,-4.51171875
2971,4.66015625,-4.5078125
2972,4.66796875,-4.5
2973,4.64453125,-4.4921875
2974,4.66015625,-4.5
2975,4.6484375,-4.484375
2976,4.640625,-4.5
2977,4.625,-4.51171875
2978,4.6640625,-4.5
2979,4.66796875,-4.49609375
2980,4.58984375,-4.484375
2981,4.640625,-4.5078125
2982,4.65625,-4.48828125
2983,4.65234375,-4.51171875
2984,4.6640625,-4.50390625
2985,4.65625,-4.48046875
2986,4.6484375,-4.5078125
2987,4.65625,-4.51171875
2988,4.66796875,-4.4921875
2989,4.65234375,-4.4921875
2990,-2.298828125,2.431640625
2991,-1.869140625,1.8603515625
2992,4.65625,-4.48046875
2993,4.671875,-4.4765625
2994,4.65625,-4.4921875
2995,4.65234375,-4.49609375
2996,4.65625,-4.51171875
2997,4.66796875,-4.49609375
2998,4.640625,-4.48046875
2999,4.66796875,-4.4921875
3000,4.6640625,-4.5
3001,4.65625,-4.50390625
3002,4.64453125,-4.515625
3003,4.64453125,-4.5
3004,4.64453125,-4.50390625
3005,4.66015625,-4.49609375
3006,4.65234375,-4.484375
3007,4.65625,-4.49609375
3008,4.53125,-4.4453125
3009,4.6640625,-4.4921875
3010,4.65234375,-4.49609375
3011,4.66015625,-4.5
3012,4.6484375,-4.5078125
3013,4.6640625,-4.48046875
3014,4.6484375,-4.5
3015,4.67578125,-4.47265625
3016,4.66015625,-4.49609375
3017,4.65234375,-4.49609375
3018,4.6640625,-4.4921875
3019,4.63671875,-4.515625
3020,4.63671875,-4.5078125
3021,-2.296875,2.4296875
3022,4.64453125,-4.5
3023,4.6484375,-4.50390625
3024,4.61328125,-4.515625
3025,4.66015625,-4.46875
3026,4.66796875,-4.5
3027,4.65234375,-4.5
3028,4.65625,-4.51171875
3029,4.6484375,-4.5
3030,4.6640625,-4.49609375
3031,4.66015625,-4.5
3032,2.205078125,-2.3046875
3033,4.6640625,-4.48046875
3034,4.6640625,-4.48046875
3035,4.65625,-4.4921875
3036,4.65234375,-4.4921875
3037,4.65625,-4.48828125
3038,-2.248046875,2.341796875
3039,4.66015625,-4.4921875
3040,4.65625,-4.48046875
3041,4.66015625,-4.48046875
3042,4.26171875,-4.2421875
3043,4.078125,-4.08984375
3044,4.66015625,-4.5
3045,4.671875,-4.5
3046,4.64453125,-4.5078125
3047,4.65625,-4.484375
3048,4.6484375,-4.48828125
3049,4.64453125,-4.4921875
3050,4.6484375,-4.5078125
3051,4.5625,-4.46875
3052,4.625,-4.484375
3053,4.66015625,-4.51171875
3054,4.62890625,-4.49609375
3055,-2.298828125,2.431640625
3056,-2.296875,2.423828125
3057,4.640625,-4.48828125
3058,4.6640625,-4.5
3059,-2.2890625,2.41015625
3060,4.66796875,-4.4921875
3061,4.640625,-4.4921875
3062,4.6640625,-4.48828125
3063,4.65625,-4.49609375
3064,4.65234375,-4.4921875
3065,4.5234375,-4.44140625
3066,2.21875,-2.322265625
3067,4.6640625,-4.49609375
3068,4.65234375,-4.5078125
3069,4.65625,-4.50390625
3070,4.65234375,-4.50390625
3071,4.65234375,-4.49609375
3072,4.65625,-4.49609375
3073,4.65625,-4.49609375
3074,4.6328125,-4.49609375
3075,4.66015625,-4.484375
3076,4.65625,-4.4765625
3077,4.65625,-4.484375
3078,4.66796875,-4.4921875
3079,4.65625,-4.5
3080,4.6640625,-4.4921875
3081,4.640625,-4.4765625
3082,4.6640625,-4.4921875
3083,4.6484375,-4.48046875
3084,4.6640625,-4.4921875
3085,4.66015625,-4.48046875
3086,4.65625,-4.5
3087,4.66015625,-4.4765625
3088,4.66015625,-4.49609375
3089,4.65625,-4.515625
3090,4.6484375,-4.49609375
3091,4.6640625,-4.48828125
3092,-1.6240234375,1.59765625
3093,4.66015625,-4.484375
3094,4.6484375,-4.5
3095,4.5625,-4.45703125
3096,4.671875,-4.47265625
3097,4.671875,-4.47265625
3098,4.6640625,-4.5
3099,4.640625,-4.50390625
3100,4.203125,-4.20703125
3101,4.64453125,-4.5
3102,4.65625,-4.4921875
3103,-1.2861328125,1.2431640625
3104,4.64453125,-4.51171875
3105,4.65234375,-4.50390625
3106,4.66015625,-4.4921875
3107,4.65234375,-4.49609375
3108,4.6640625,-4.5078125
3109,-2.263671875,2.36328125
3110,4.53515625,-4.4453125
3111,4.66015625,-4.50390625
3112,-2.296875,2.42578125
3113,-2.294921875,2.421875
3114,4.6640625,-4.4921875
3115,4.6484375,-4.4921875
3116,-2.296875,2.4296875
3117,-2.296875,2.427734375
3118,4.6640625,-4.48828125
3119,4.6640625,-4.4921875
3120,4.6640625,-4.47265625
3121,-1.3310546875,1.2919921875
3122,-2.298828125,2.43359375
3123,4.65234375,-4.5
3124,4.66015625,-4.49609375
3125,4.66796875,-4.4765625
3126,4.6640625,-4.50390625
3127,4.65234375,-4.484375
3128,4.64453125,-4.5078125
3129,4.671875,-4.48828125
3130,4.66015625,-4.484375
3131,4.6640625,-4.5
3132,4.6640625,-4.48046875
3133,4.66015625,-4.50390625
3134,4.6640625,-4.48828125
3135,4.66015625,-4.49609375
3136,4.671875,-4.48046875
3137,-2.296875,2.427734375
3138,4.6015625,-4.49609375
3139,4.64453125,-4.51171875
3140,3.908203125,-3.95703125
3141,4.5859375,-4.47265625
3142,4.6640625,-4.4765625
3143,4.65625,-4.5
3144,4.66015625,-4.5078125
3145,4.6484375,-4.5
3146,2.6171875,-2.724609375
3147,4.62109375,-4.5
3148,4.64453125,-4.484375
3149,4.66015625,-4.5
3150,4.6484375,-4.5078125
3151,4.671875,-4.4765625
3152,4.65625,-4.48828125
3153,4.66015625,-4.5
3154,-1.9853515625,1.990234375
3155,4.65625,-4.484375
3156,4.515625,-4.4375
3157,4.609375,-4.5
3158,4.640625,-4.48828125
3159,4.6640625,-4.48046875
3160,4.55078125,-4.46484375
